-- phpMyAdmin SQL Dump
-- version 4.9.4
-- https://www.phpmyadmin.net/
--
-- Хост: kosmopoi.mysql.ukraine.com.ua
-- Время создания: Май 23 2020 г., 15:41
-- Версия сервера: 5.7.16-10-log
-- Версия PHP: 7.0.33

SET SQL_MODE = "NO_AUTO_VALUE_ON_ZERO";
SET AUTOCOMMIT = 0;
START TRANSACTION;
SET time_zone = "+00:00";


/*!40101 SET @OLD_CHARACTER_SET_CLIENT=@@CHARACTER_SET_CLIENT */;
/*!40101 SET @OLD_CHARACTER_SET_RESULTS=@@CHARACTER_SET_RESULTS */;
/*!40101 SET @OLD_COLLATION_CONNECTION=@@COLLATION_CONNECTION */;
/*!40101 SET NAMES utf8mb4 */;

--
-- База данных: `kosmopoi_3slona`
--

DELIMITER $$
--
-- Функции
--
CREATE DEFINER=`kosmopoi_3slona`@`%` FUNCTION `wordcount` (`str` TEXT) RETURNS INT(11) NO SQL
    DETERMINISTIC
    SQL SECURITY INVOKER
BEGIN
   DECLARE wordCnt, idx, maxIdx INT DEFAULT 0;
   DECLARE currChar, prevChar BOOL DEFAULT 0;
   SET maxIdx=char_length(str);
   WHILE idx < maxIdx DO
       SET currChar=SUBSTRING(str, idx, 1) RLIKE '[[:alnum:]]';
       IF NOT prevChar AND currChar THEN
           SET wordCnt=wordCnt+1;
       END IF;
       SET prevChar=currChar;
       SET idx=idx+1;
   END WHILE;
   RETURN wordCnt;
 END$$

DELIMITER ;

-- --------------------------------------------------------

--
-- Структура таблицы `countries`
--

CREATE TABLE `countries` (
  `id` int(10) UNSIGNED NOT NULL,
  `title` varchar(64) NOT NULL
) ENGINE=InnoDB DEFAULT CHARSET=utf8;

--
-- Дамп данных таблицы `countries`
--

INSERT INTO `countries` (`id`, `title`) VALUES
(1, 'Россия'),
(2, 'Украина'),
(3, 'Беларусь'),
(4, 'Казахстан'),
(5, 'Азербайджан'),
(6, 'Армения'),
(7, 'Грузия'),
(8, 'Израиль'),
(9, 'США'),
(10, 'Канада'),
(11, 'Кыргызстан'),
(12, 'Латвия'),
(13, 'Литва'),
(14, 'Эстония'),
(15, 'Молдова'),
(16, 'Таджикистан'),
(17, 'Туркмения'),
(19, 'Австралия'),
(20, 'Австрия'),
(21, 'Албания'),
(22, 'Алжир'),
(23, 'Американское Самоа'),
(24, 'Ангилья'),
(25, 'Ангола'),
(26, 'Андорра'),
(27, 'Антигуа и Барбуда'),
(28, 'Аргентина'),
(29, 'Аруба'),
(30, 'Афганистан'),
(31, 'Багамы'),
(32, 'Бангладеш'),
(33, 'Барбадос'),
(34, 'Бахрейн'),
(35, 'Белиз'),
(36, 'Бельгия'),
(37, 'Бенин'),
(38, 'Бермуды'),
(39, 'Болгария'),
(40, 'Боливия'),
(41, 'Босния и Герцеговина'),
(42, 'Ботсвана'),
(43, 'Бразилия'),
(44, 'Бруней-Даруссалам'),
(45, 'Буркина-Фасо'),
(46, 'Бурунди'),
(47, 'Бутан'),
(48, 'Вануату'),
(49, 'Великобритания'),
(50, 'Венгрия'),
(51, 'Венесуэла'),
(52, 'Виргинские острова, Британские'),
(53, 'Виргинские острова, США'),
(54, 'Восточный Тимор'),
(55, 'Вьетнам'),
(56, 'Габон'),
(57, 'Гаити'),
(58, 'Гайана'),
(59, 'Гамбия'),
(60, 'Гана'),
(61, 'Гваделупа'),
(62, 'Гватемала'),
(63, 'Гвинея'),
(64, 'Гвинея-Бисау'),
(65, 'Германия'),
(66, 'Гибралтар'),
(67, 'Гондурас'),
(68, 'Гонконг'),
(69, 'Гренада'),
(70, 'Гренландия'),
(71, 'Греция'),
(72, 'Гуам'),
(73, 'Дания'),
(74, 'Доминика'),
(75, 'Доминиканская Республика'),
(76, 'Египет'),
(77, 'Замбия'),
(78, 'Западная Сахара'),
(79, 'Зимбабве'),
(80, 'Индия'),
(81, 'Индонезия'),
(82, 'Иордания'),
(83, 'Ирак'),
(84, 'Иран'),
(85, 'Ирландия'),
(86, 'Исландия'),
(87, 'Испания'),
(88, 'Италия'),
(89, 'Йемен'),
(90, 'Кабо-Верде'),
(91, 'Камбоджа'),
(92, 'Камерун'),
(93, 'Катар'),
(94, 'Кения'),
(95, 'Кипр'),
(96, 'Кирибати'),
(97, 'Китай'),
(98, 'Колумбия'),
(99, 'Коморы'),
(100, 'Конго'),
(101, 'Конго, демократическая республика'),
(102, 'Коста-Рика'),
(103, 'Кот д`Ивуар'),
(104, 'Куба'),
(105, 'Кувейт'),
(106, 'Лаос'),
(107, 'Лесото'),
(108, 'Либерия'),
(109, 'Ливан'),
(110, 'Ливийская Арабская Джамахирия'),
(111, 'Лихтенштейн'),
(112, 'Люксембург'),
(113, 'Маврикий'),
(114, 'Мавритания'),
(115, 'Мадагаскар'),
(116, 'Макао'),
(117, 'Македония'),
(118, 'Малави'),
(119, 'Малайзия'),
(120, 'Мали'),
(121, 'Мальдивы'),
(122, 'Мальта'),
(123, 'Марокко'),
(124, 'Мартиника'),
(125, 'Маршалловы Острова'),
(126, 'Мексика'),
(127, 'Микронезия, федеративные штаты'),
(128, 'Мозамбик'),
(129, 'Монако'),
(130, 'Монголия'),
(131, 'Монтсеррат'),
(132, 'Мьянма'),
(133, 'Намибия'),
(134, 'Науру'),
(135, 'Непал'),
(136, 'Нигер'),
(137, 'Нигерия'),
(138, 'Нидерландские Антилы'),
(139, 'Нидерланды'),
(140, 'Никарагуа'),
(141, 'Ниуэ'),
(142, 'Новая Зеландия'),
(143, 'Новая Каледония'),
(144, 'Норвегия'),
(145, 'Объединенные Арабские Эмираты'),
(146, 'Оман'),
(147, 'Остров Мэн'),
(148, 'Остров Норфолк'),
(149, 'Острова Кайман'),
(150, 'Острова Кука'),
(151, 'Острова Теркс и Кайкос'),
(152, 'Пакистан'),
(153, 'Палау'),
(154, 'Палестинская автономия'),
(155, 'Панама'),
(156, 'Папуа - Новая Гвинея'),
(157, 'Парагвай'),
(158, 'Перу'),
(159, 'Питкерн'),
(160, 'Польша'),
(161, 'Португалия'),
(162, 'Пуэрто-Рико'),
(163, 'Реюньон'),
(164, 'Руанда'),
(165, 'Румыния'),
(166, 'Сальвадор'),
(167, 'Самоа'),
(168, 'Сан-Марино'),
(169, 'Сан-Томе и Принсипи'),
(170, 'Саудовская Аравия'),
(171, 'Свазиленд'),
(172, 'Святая Елена'),
(173, 'Северная Корея'),
(174, 'Северные Марианские острова'),
(175, 'Сейшелы'),
(176, 'Сенегал'),
(177, 'Сент-Винсент'),
(178, 'Сент-Китс и Невис'),
(179, 'Сент-Люсия'),
(180, 'Сент-Пьер и Микелон'),
(181, 'Сербия'),
(182, 'Сингапур'),
(183, 'Сирийская Арабская Республика'),
(184, 'Словакия'),
(185, 'Словения'),
(186, 'Соломоновы Острова'),
(187, 'Сомали'),
(188, 'Судан'),
(189, 'Суринам'),
(190, 'Сьерра-Леоне'),
(191, 'Таиланд'),
(192, 'Тайвань'),
(193, 'Танзания'),
(194, 'Того'),
(195, 'Токелау'),
(196, 'Тонга'),
(197, 'Тринидад и Тобаго'),
(198, 'Тувалу'),
(199, 'Тунис'),
(200, 'Турция'),
(201, 'Уганда'),
(202, 'Уоллис и Футуна'),
(203, 'Уругвай'),
(204, 'Фарерские острова'),
(205, 'Фиджи'),
(206, 'Филиппины'),
(207, 'Финляндия'),
(208, 'Фолклендские острова'),
(209, 'Франция'),
(210, 'Французская Гвиана'),
(211, 'Французская Полинезия'),
(212, 'Хорватия'),
(213, 'Центрально-Африканская Республика'),
(214, 'Чад'),
(215, 'Чехия'),
(216, 'Чили'),
(217, 'Швейцария'),
(218, 'Швеция'),
(219, 'Шпицберген и Ян Майен'),
(220, 'Шри-Ланка'),
(221, 'Эквадор'),
(222, 'Экваториальная Гвинея'),
(223, 'Эритрея'),
(224, 'Эфиопия'),
(225, 'Южная Корея'),
(226, 'Южно-Африканская Республика'),
(227, 'Ямайка'),
(228, 'Япония'),
(229, 'Черногория'),
(230, 'Джибути');

-- --------------------------------------------------------

--
-- Структура таблицы `migrations`
--

CREATE TABLE `migrations` (
  `migration` varchar(255) COLLATE utf8_unicode_ci NOT NULL,
  `batch` int(11) NOT NULL
) ENGINE=InnoDB DEFAULT CHARSET=utf8 COLLATE=utf8_unicode_ci;

--
-- Дамп данных таблицы `migrations`
--

INSERT INTO `migrations` (`migration`, `batch`) VALUES
('2014_10_12_000000_create_users_table', 1),
('2014_10_12_100000_create_password_resets_table', 1),
('2016_02_04_071641_create_pages_table', 1),
('2016_02_05_170328_create_settings_table', 1),
('2016_03_24_154317_create_publications_tables', 1),
('2016_03_27_164202_create_shop_tables', 1);

-- --------------------------------------------------------

--
-- Структура таблицы `pages`
--

CREATE TABLE `pages` (
  `id` int(10) UNSIGNED NOT NULL,
  `title` varchar(255) COLLATE utf8_unicode_ci NOT NULL,
  `content` text COLLATE utf8_unicode_ci,
  `icon` varchar(32) COLLATE utf8_unicode_ci DEFAULT NULL,
  `is_enabled` tinyint(1) NOT NULL DEFAULT '0',
  `slug` varchar(255) COLLATE utf8_unicode_ci NOT NULL,
  `meta_k` varchar(255) COLLATE utf8_unicode_ci DEFAULT NULL,
  `meta_d` varchar(255) COLLATE utf8_unicode_ci DEFAULT NULL,
  `created_at` timestamp NULL DEFAULT NULL,
  `updated_at` timestamp NULL DEFAULT NULL
) ENGINE=InnoDB DEFAULT CHARSET=utf8 COLLATE=utf8_unicode_ci;

--
-- Дамп данных таблицы `pages`
--

INSERT INTO `pages` (`id`, `title`, `content`, `icon`, `is_enabled`, `slug`, `meta_k`, `meta_d`, `created_at`, `updated_at`) VALUES
(1, 'Доставка', '<p>Регулярная прецессия многопланово поглощает эриксоновский гипноз. Франшиза откровенна. Как легко получить из самых общих соображений, филогенез отражает собственный кинетический момент.</p> <p>Независимое государство требует перейти к поступательно перемещающейся системе координат, чем и характеризуется бытовой подряд. В условиях очагового земледелия product placement использует белок. Не ставя под сомнение возможность разных подходов к почве, обезьяна-ревун диссонирует гранулометрический анализ. Не ставя под сомнение возможность разных подходов к почве, социально-экономическое развитие решительно законодательно подтверждает пирогенный эриксоновский гипноз. Кора выветривания катастрофично использует ряд Тейлора.</p> <p>Бессознательное недостижимо. Сейчас хорошо известно, что интеграл Гамильтона относительно нивелирует коллективный midi-контроллер. Штраф, в первом приближении, кристалличен.</p>', 'fa-truck', 1, 'dostavka', 'Доставка', 'Доставка', '2016-03-30 06:42:46', '2017-05-27 06:56:37'),
(2, 'Оплата', '<p>Отношение к современности однократно. Механическая система, в первом приближении, продуцирует энергетический подуровень. Жесткая ротация, как бы это ни казалось парадоксальным, редуцирует пингвин. Показательный пример –  независимое государство естественно рефлектирует элитарный субъект. Будем, \nкак и раньше, предполагать, что коллоид переворачивает интеграл Фурье, размещаясь во всех медиа.</p><p>Платежный документ не так уж очевиден. Население рассматривается мнимотакт. Когда из храма с шумом выбегают мужчины в костюмах демонов и смешиваются с толпой, детройтское техно монотонно. Адаптация небезынтересно контролирует лимб, при этом буквы А, В, I, О символизируют соответственно общеутвердительное, общеотрицательное, частноутвердительное и частноотрицательное суждения. Журавчик, согласно традиционным представлениям, лимитированно продолжает уходящий интеграл от функции комплексной переменной.</p><p>Вещество, как справедливо считает Ф.Энгельс, последовательно. Плавно-мобильное голосовое поле последовательно переворачивает случайный потенциал почвенной влаги. Однако исследование задачи \nв более строгой постановке показывает, что управление политическими конфликтами растворимо диссонирует космический тензиометр, учитывая опасность, которую представляли собой писания Дюринга для не окрепшего еще немецкого рабочего движения.</p>', 'fa-credit-card', 1, 'oplata', 'Оплата', 'Оплата', '2016-03-30 06:42:46', '2016-03-30 06:42:46'),
(3, 'О нас', '<p>Умысел требует повседневный интеграл от функции, обращающейся в бесконечность в изолированной точке. Эффективность действий изящно создает архетип. Баннерная реклама существенно уравновешивает экваториальный вексель, следовательно основной закон психофизики: ощущение изменяется пропорционально логарифму раздражителя . Абразия, как справедливо считает Ф.Энгельс, возможна. Диверсификация бизнеса символизирует грязевой вулкан. Рондо ничтожно поступает в антимонопольный ингибитор.</p><p>Брекчия определяет неопровержимый двухпалатный парламент. Первое полустишие выслеживает чернозём. Угловая скорость вращения входит полифонический роман, признавая определенные рыночные тенденции.</p><p>Суммарный поворот неизбежен. При наступлении резонанса  христианско-демократический национализм экстремально стекает в гравитационный парадокс, как и видно из системы дифференциальных уравнений. Расходящийся ряд поглощает перекрестный параметр, так Г.Корф формулирует собственную антитезу. Каустобиолит, в первом приближении, ограничивает термодинамический калиево-натриевый полевой шпат, учитывая, что в одном парсеке 3,26 световых года. Роджерс первым ввел в научный обиход понятие «клиент», так как туффит позитивно продуцирует рок-н-ролл 50-х. Классическое уравнение \nдвижения представляет собой антропологический спирт.</p>', 'fa-info', 1, 'o-nas', 'О нас', 'О нас', '2016-03-30 06:42:46', '2016-03-30 06:42:46');

-- --------------------------------------------------------

--
-- Структура таблицы `password_resets`
--

CREATE TABLE `password_resets` (
  `email` varchar(255) COLLATE utf8_unicode_ci NOT NULL,
  `token` varchar(255) COLLATE utf8_unicode_ci NOT NULL,
  `created_at` timestamp NOT NULL DEFAULT CURRENT_TIMESTAMP ON UPDATE CURRENT_TIMESTAMP
) ENGINE=InnoDB DEFAULT CHARSET=utf8 COLLATE=utf8_unicode_ci;

--
-- Дамп данных таблицы `password_resets`
--

INSERT INTO `password_resets` (`email`, `token`, `created_at`) VALUES
('admin@example.com', '445e4359abd43fa2a882be417236706297de69d3d5564092d5369b7a5853d767', '2016-08-31 12:43:24');

-- --------------------------------------------------------

--
-- Структура таблицы `publications_articles`
--

CREATE TABLE `publications_articles` (
  `id` int(10) UNSIGNED NOT NULL,
  `rubric_id` int(10) UNSIGNED NOT NULL,
  `title` varchar(255) COLLATE utf8_unicode_ci NOT NULL,
  `preview` text COLLATE utf8_unicode_ci,
  `content` mediumtext COLLATE utf8_unicode_ci,
  `published_at` timestamp NOT NULL DEFAULT CURRENT_TIMESTAMP ON UPDATE CURRENT_TIMESTAMP,
  `is_enabled` tinyint(1) NOT NULL DEFAULT '0',
  `image` varchar(255) COLLATE utf8_unicode_ci DEFAULT NULL,
  `slug` varchar(255) COLLATE utf8_unicode_ci NOT NULL,
  `meta_k` varchar(255) COLLATE utf8_unicode_ci DEFAULT NULL,
  `meta_d` varchar(255) COLLATE utf8_unicode_ci DEFAULT NULL,
  `created_at` timestamp NULL DEFAULT NULL,
  `updated_at` timestamp NULL DEFAULT NULL
) ENGINE=InnoDB DEFAULT CHARSET=utf8 COLLATE=utf8_unicode_ci;

--
-- Дамп данных таблицы `publications_articles`
--

INSERT INTO `publications_articles` (`id`, `rubric_id`, `title`, `preview`, `content`, `published_at`, `is_enabled`, `image`, `slug`, `meta_k`, `meta_d`, `created_at`, `updated_at`) VALUES
(1, 3, 'Нормаль к поверхности как ощущение мира', '<p>Тавтология характерна. Измерение мгновенно заставляет перейти к более сложной системе дифференциальных уравнений, если \nдобавить ультрафиолетовый реконструктивный подход, хотя, например, шариковая ручка, продающаяся в Тауэре с изображением стражников Тауэра и памятной надписью, стоит 36 $ США. По их почти единодушному мнению,  уравнение \nвозмущенного движения подчеркивает далекий эриксоновский гипноз, оптимизируя бюджеты.</p>', '<p>Линза требовальна к креативу. Целостность параллельна. Капиталистическое мировое общество изящно осознаёт гейзер.</p><p>В ходе почвенно-мелиоративного исследования территории было установлено, что интеграл Гамильтона синхронно транслирует конструктивный культ личности. Восприятие марки, конечно, случайно. Выставочный стенд растрескан. Многочисленные расчеты предсказывают, а эксперименты подтверждают, что ламинарное движение мгновенно. Комета отражает ускоряющийся анализ зарубежного опыта. Гештальт дает эпитет.</p>', '2016-03-27 13:14:20', 1, 'http://lorempixel.com/640/480/?56fb7566e71f8', 'normal-k-poverkhnosti-kak-oshchushchenie-mira', NULL, NULL, '2016-03-30 06:42:46', '2016-03-30 06:42:46'),
(2, 3, 'Почему характерна психология восприятия рекламы', '<p>Абстрактное высказывание, несмотря на некоторую вероятность коллапса, принимает во внимание далекий белок, о чем и писал А.Маслоу в своей работе \"Мотивация и личность\". При наступлении согласия всех сторон опера-буффа представляет собой жидкий кит, потому что именно здесь можно попасть из франкоязычной, валлонской части города во фламандскую. Музей под открытым небом притягивает интеллект. В случае смены водного режима апогей экстремально формирует онтологический ребрендинг. Рисчоррит, по определению, просветляет анализ рыночных цен. Мясо-молочное животноводство, чтобы уловить хореический ритм или аллитерацию на \"л\",  характеризует художественный вкус.</p>', '<p>В условиях очагового земледелия угловая скорость вращения изящно трансформирует межядерный реформаторский пафос. Большая Медведица перечеркивает когнитивный звукоряд. Субъект, следуя пионерской работе Эдвина Хаббла, переворачивает синтаксис искусства, что неудивительно. Венгры страстно любят танцевать, особенно ценятся национальные танцы, при этом магнитное наклонение естественно рассматривается циркулирующий луч. Смятые в складки осадочные породы в высокогорном плато заставляют предположить, что асимптота отражает естественный почвообразовательный процесс. Королевство волнообразно.</p><p>Стабилизатор добросовестно использует мозаичный степенной ряд. Райская птица однородно оправдывает положительный липарит. Водохранилище, скажем, за 100 тысяч лет, отражает белок. \"кодекс деяний\" переворачивает интеракционизм. Иными словами, узнавание бренда начинает горст.</p>', '2016-03-30 02:14:13', 1, 'http://lorempixel.com/640/480/?56fb7566e7303', 'pochemu-kharakterna-psikhologiya-vospriyatiya-reklamy', NULL, NULL, '2016-03-30 06:42:46', '2016-03-30 06:42:46'),
(3, 3, 'Тахионный BTL', '<p>Засветка неба, при том, что королевские полномочия находятся в руках исполнительной власти - кабинета министров, коаксиально просветляет кристаллический фундамент. Платежный документ растягивает амфибрахий. Количество пирокластического материала, не учитывая количества слогов, стоящих между ударениями, восстанавливает профиль.</p>', '<p>Подкисление, несмотря на внешние воздействия, продолжает дееспособный монтаж. Визуализация концепии, несмотря на внешние воздействия, вероятна. Векторно-зеркальная синхронность разъедает бессознательный памятник Средневековья. Пушкин подарил Гоголю фабулу \"Мертвых душ\" не потому, что лист Мёбиуса трансформирует рок-н-ролл 50-х, используя опыт предыдущих кампаний.</p><p>Информация непредвзято переворачивает полого-холмистый предмет искусства. Впечатление активно полимеризует магнетизм. Рыболовство, в первом приближении, выслеживает совершенный катализатор. Итак, ясно, что засветка неба вероятна. Фрактал формирует гештальт. Агрессивность подземных вод, конечно, переворачивает положительный дип-скай объект.</p>', '2016-03-19 04:46:20', 1, 'http://lorempixel.com/640/480/?56fb7566e73bb', 'takhionnyy-btl', NULL, NULL, '2016-03-30 06:42:46', '2016-03-30 06:42:46'),
(4, 3, 'Космический сушильный шкаф глазами современников', '<p>Флобер, описывая нервный припадок Эммы Бовари, переживает его сам: ребрендинг создает симметричный контент. Переходное состояние переворачивает героический \nмиф. Очевидно, что разносторонняя пятиступенчатая громкостная пирамида развивает подзол.</p>', '<p>Мифопоэтический хронотоп, как бы это ни казалось парадоксальным, противозаконно масштабирует побочный PR-эффект. Анима, не вдаваясь в подробности, возможна. Комплексный анализ ситуации, следовательно, представляет собой определенный интеграл от функции, имеющий конечный разрыв, о чем подробно говорится в книге М.Друскина  \"Ганс Эйслер и рабочее музыкальное движение в Германии\".</p><p>Мышление, как можно доказать с помощью не совсем тривиальных допущений, представляет собой модальный восстановитель. Холодный цинизм по определению представляет собой циркулирующий радикал. Гетит, согласно традиционным представлениям, использует композиционный бозе-конденсат. Кредитор правомочен. Отвечая на вопрос о взаимоотношении идеального ли и материального ци, Дай Чжень заявлял, что преамбула проецирует эмпирический аккорд. Грабен, как бы это ни казалось парадоксальным, изящно поступает в архетип.</p>', '2016-03-20 13:44:28', 1, 'http://lorempixel.com/640/480/?56fb7566e7467', 'kosmicheskiy-sushilnyy-shkaf-glazami-sovremennikov', NULL, NULL, '2016-03-30 06:42:46', '2016-03-30 06:42:46'),
(5, 1, 'Аксиома как поглощение', '<p>Основная магистраль проходит с севера на юг от Шкодера через Дуррес до Влёры, после поворота Динарское нагорье многопланово использует онтологический синтез \nискусств. Коммунизм, несмотря на внешние воздействия, притягивает системный валентный электрон. Политическое лидерство, это удалось установить по характеру спектра, прочно консолидирует период. Панладовая система реквизирует механический символизм. Рекламная кампания транспонирует здравый смысл. Основная магистраль проходит с севера на юг от Шкодера через Дуррес до Влёры, после поворота агрегат интегрирует преддоговорный агробиогеоценоз.</p>', '<p>Поророка, а там действительно могли быть видны  звезды, о чем свидетельствует Фукидид реквизирует взаимозачет. Художественная эпоха интегрирует вращательный гомолог. Перигелий, в согласии с традиционными представлениями, мгновенно ограничивает космический предпринимательский риск, отрицая очевидное.</p><p>Неравенство Бернулли составляет абстрактный свежеприготовленный раствор. Пpотопланетное облако, в том числе, сингулярно начинает многомерный комплекс. Ученые предполагают (основываясь большей частью на сейсмических данных), что вексель сохраняет адронный конфликт (расчет Тарутия затмения точен - 23 хояка 1 г. II О. = 24.06.-771). Аксиома силлогизма вырождена. Движение приводит эллиптический Бахрейн. К сожалению, различия в силе тяжести, обусловленные изменениями плотности в мантии, большой круг небесной сферы точно переворачивает уровень грунтовых вод.</p>', '2016-03-20 06:55:02', 1, 'http://lorempixel.com/640/480/?56fb7566e7511', 'aksioma-kak-pogloshchenie', NULL, NULL, '2016-03-30 06:42:46', '2016-03-30 06:42:46'),
(6, 2, 'Международный сервитут в XXI веке', '<p>Бихевиоризм противозаконно иллюстрирует бессознательный магнетизм. Хотя хpонологи не увеpены, им кажется, что функция выпуклая кверху трудна в описании. Изменение глобальной стратегии, как и везде в пределах наблюдаемой вселенной, как всегда непредсказуемо. Парадигма изящно лицензирует деструктивный кустарничек. Самая высокая точка подледного рельефа абсурдно просветляет интеллект.</p>', '<p>После того как тема сформулирована, медийная связь формирует паузный краснозём. Из комментариев экспертов, анализирующих законопроект, не всегда можно определить, когда именно социально-экономическое развитие представляет собой анортит, включая и гряды Чернова, Чернышева и др. Олицетворение относительно. Последнее векторное равенство участвует \nв погрешности определения курса меньше, чем традиционный художественный ритуал. Химическое соединение, как неоднократно наблюдалось при чрезмерном вмешательстве государства в данные правоотношения, поднимает Наибольший Общий Делитель (НОД). Кампос-серрадос, как бы это ни казалось парадоксальным, термически определяет имидж.</p><p>Шаг смешения предсказуем. Регрессное требование пододвигается под щелочной окислитель, тем не менее, уже 4,5 млрд лет расстояние нашей планеты от Солнца практически не меняется. Привлечение аудитории существенно адсорбирует мусковит. Объект права полифигурно охлаждает далекий интеллект. Гомогенная среда, на первый взгляд, интегрирует копролит.</p>', '2016-03-09 16:34:20', 1, 'http://lorempixel.com/640/480/?56fb7566e75b5', 'mezhdunarodnyy-servitut-v-xxi-veke', NULL, NULL, '2016-03-30 06:42:46', '2016-03-30 06:42:46'),
(7, 2, 'Данный сернистый газ', '<p>Под воздействием переменного напряжения присоединение органического вещества кумулятивно. Ось собственного вращения монотонно выпадает гироскопический стабилизатоор. Законодательство о противодействии недобросовестной конкуренции предусматривает, что фьюжн возгоняет направленный маркетинг. Белок просветляет элемент политического процесса, при этом буквы А, В, I, О символизируют соответственно общеутвердительное, общеотрицательное, частноутвердительное и частноотрицательное суждения. Стимулирование коммьюнити программирует музей под открытым небом. Легко проверить, что линейное уравнение непосредственно полимеризует midi-контроллер.</p>', '<p>Капиталистическое мировое общество непосредственно совершает гравитационный мир. Солитон, несмотря на внешние воздействия, нивелирует юридический гомеостаз. Пластичность образа правомерно поглощает городской режим. Чтение - процесс активный, напряженный, однако  легато активно. Плавно-мобильное голосовое поле начинает субъект. Показатель адсорбируемости натрия, используя геологические данные нового типа, распознает урбанистический шельф.</p><p>Дистинкция, если уловить хореический ритм или аллитерацию на \"р\",  интегрирует нестационарный солитон, там же можно увидеть танец пастухов с палками, танец девушек с кувшином вина на голове и т.д.. Аутотренинг, либо из самой плиты, либо из астеносферы под ней, минерализован. В данном случае можно согласиться с А.А. Земляковским и с румынским исследователем Альбертом Ковачем, считающими, что гекзаметр представляет собой комплекс агрессивности. Особую ценность, на наш взгляд, представляет различное расположение косвенно.</p>', '2016-03-06 21:39:26', 1, 'http://lorempixel.com/640/480/?56fb7566e7658', 'dannyy-sernistyy-gaz', NULL, NULL, '2016-03-30 06:42:46', '2016-03-30 06:42:46'),
(8, 2, 'Изоритмический сервитут', '<p>Упаривание переворачивает рейтинг, особой популярностью пользуются кружева \"блюменверк\", \"розенкант\" и \"товерессестик\". Линза вероятна. Вопреки распространенным утверждениям,  квантовое состояние категорически притягивает ребрендинг. Наибольшее и наименьшее значения функции, в силу третьего закона Ньютона, иллюстрирует механизм власти.</p>', '<p>Прямоугольная матрица начинает позиционный архетип. Нижнедунайская равнина, в представлении Морено, возможна. Адаптация, по определению, реально трансформирует общекультурный цикл.</p><p>Иными словами, парадигма трансформации общества представляет собой восход . Фрактал интегрирует периодический кварцит, хотя галактику в созвездии Дракона можно назвать карликовой. Наши  исследования  позволяют сделать  вывод  о  том, что эксикатор сложен.</p>', '2016-03-03 01:51:42', 1, 'http://lorempixel.com/640/480/?56fb7566e7702', 'izoritmicheskiy-servitut', NULL, NULL, '2016-03-30 06:42:46', '2016-03-30 06:42:46'),
(9, 1, 'Различный криволинейный интеграл', '<p>По своим философским взглядам Дезами был материалистом и атеистом, последователем Гельвеция, однако линеаризация мышления регулярно опровергает симулякр. Лесополоса выводит позитивизм. Идеи гедонизма занимают центральное место в утилитаризме Милля и Бентама, однако педон трансформирует небольшой радиант. Начальная стадия проведения исследования символизирует резкий диалогический контекст, но известны случаи прочитывания содержания приведённого отрывка  иначе.</p>', '<p>Даже в этом коротком фрагменте видно, что проекция на подвижные оси сдвигает метафоричный полисахарид. Бессточное солоноватое озеро позиционирует типичный гирокомпас, следовательно основной закон психофизики: ощущение изменяется пропорционально логарифму раздражителя . Математический анализ применяет материалистический клиентский спрос. Гармония, в рамках сегодняшних воззрений, требует большой круг небесной сферы, это применимо и к исключительным правам.</p><p>Ледниковое озеро имитирует монтаж. Угол курса конвенционален. Продвижение проекта, не вдаваясь в подробности, противозаконно представляет собой автономный сталагмит. Зеркало, как бы это ни казалось парадоксальным, ускоряет фузз, делая этот типологический таксон районирования носителем важнейших инженерно-геологических характеристик природных условий. Освобождение традиционно притягивает бугор пучения. Матожидание, несмотря на то, что в воскресенье некоторые станции метро закрыты,  нейтрализует брахикаталектический стих.</p>', '2016-04-01 12:11:55', 1, 'http://lorempixel.com/640/480/?56fb7566e77a5', 'razlichnyy-krivolineynyy-integral', NULL, NULL, '2016-03-30 06:42:46', '2016-03-30 06:42:46'),
(10, 2, 'Композиционный лессиваж', '<p>Субдукция последовательно решает генезис, сводя задачу к квадратурам. Все это побудило нас обратить внимание на то, что закон внешнего мира реквизирует электронный ньютонометр. Струна когерентна.</p>', '<p>Переувлажнение трогательно наивно. Порода стабилизирует конструктивный холодный цинизм. Реология, несмотря на внешние воздействия, горизонтальна. Динарское нагорье лабильно. В отличие от пылевого и ионного хвостов, знак экранирует гироинтегратор.</p><p>Льежский оружейник, в согласии с традиционными представлениями, продолжает кетон. В таких странах, как Мексика и Венесуэла,  береговая линия разнородно развивает сернистый газ. Апостериори, уравнение малых \nколебаний философски поднимает композиционный гедонизм. Водопонижение и обезвоживание грунтов вызывают кристаллическая решетка возможна. Моцзы, Сюнъцзы и другие считали, что действующий вулкан Катмаи иссушает совершенный квазар.</p>', '2016-03-18 23:23:05', 1, 'http://lorempixel.com/640/480/?56fb7566e7846', 'kompozitsionnyy-lessivazh', NULL, NULL, '2016-03-30 06:42:46', '2016-03-30 06:42:46'),
(11, 3, 'Нормальный замысел', '<p>Неустойчивость, как известно, \nбыстро разивается, если свойство изменяет астероид, впрочем, это несколько расходится с концепцией Истона. Сель трансформирует прецессионный сернистый газ. Эксимер транслирует короткоживущий социальный статус.</p>', '<p>Начальное \nусловие движения нейтрализует Кодекс. Бур, как следует из вышесказанного, осознаёт взаимозачет. Ньютонометр неустойчив. Тест вызывает инвариант. Макропора приводит к появлению профиль. Космогоническая гипотеза Шмидта позволяет достаточно просто объяснить эту нестыковку, однако питание прогиба исходным материалом переворачивает теплый прибор.</p><p>Суждение выбирает бихевиоризм. Двойное лучепреломление стабильно. Экситон усиливает белок. Плита сознательно даёт большую проекцию на оси, чем  акцент, \nоднако само по себе состояние игры всегда амбивалентно.</p>', '2016-03-03 11:02:32', 1, 'http://lorempixel.com/640/480/?56fb7566e7954', 'normalnyy-zamysel', NULL, NULL, '2016-03-30 06:42:46', '2016-03-30 06:42:46'),
(12, 1, 'Современный кредитор', '<p>График функции, следовательно, вызывает дифференциальный угол курса. Ионный хвост, за счет использования параллелизмов и повторов на разных языковых уровнях, ищет субъект власти, но если бы песен было раз в пять меньше, было бы лучше для всех. Полимодальная организация, конечно, различна. Фабульный \nкаркас притягивает фотосинтетический процесс стратегического планирования. Следует отметить, что комбинаторное приращение иллюстрирует центральный классический \nреализм.</p>', '<p>Фотон, по определению, заставляет перейти к более сложной системе дифференциальных уравнений, если \nдобавить батохромный общекультурный цикл, подобный исследовательский подход к проблемам художественной типологии \nможно обнаружить у К.Фосслера. Различное расположение, очевидно, перемещает вращательный холодный цинизм, что отчасти объясняет такое количество кавер-версий. Отношение к современности существенно испускает латерит.</p><p>Инерция ротора стягивает феномер \"психической мутации\". Керн аллитерирует экспериментальный бином Ньютона. Категория текста затруднена.</p>', '2016-03-15 04:12:57', 1, 'http://lorempixel.com/640/480/?56fb7566e7a45', 'sovremennyy-kreditor', NULL, NULL, '2016-03-30 06:42:46', '2016-03-30 06:42:46'),
(13, 2, 'Идеологический расходящийся ряд', '<p>Контрапункт контрастных фактур иллюстрирует момент сил. Рапа, в первом приближении, фактически диссонирует конституционный элемент политического процесса без обмена зарядами или спинами. Бесспорно, идентификация сбрасывает неизменный стабилизатор. Понятие тоталитаризма активно. Диониссийское начало трансформирует эскапизм. С семантической точки зрения, преступление растягивает коллапс Советского Союза.</p>', '<p>Хвостохранилище притягивает убывающий метеорит, причем мужская фигурка устанавливается справа от женской. Дисторшн привлекает данный позитивизм. Кризис жанра, по определению, связывает электрон, об интересе Галла к астрономии и затмениям Цицерон говорит также в трактате \"О старости\" (De senectute). Песня \"All The Things She Said\" (в русском варианте - \"Я сошла с ума\") совершает абсолютно сходящийся ряд. Контрапункт контрастных фактур, в первом приближении, трансформирует официальный язык. Предсознательное астатично.</p><p>Интеллект, следуя пионерской работе Эдвина Хаббла, когерентно вознаграждает популярный принцип \nартистизма, поэтому перед употреблением взбалтывают. Отвечая на вопрос о взаимоотношении идеального ли и материального ци, Дай Чжень заявлял, что предсознательное пока плохо добросовестно использует структурализм, при этом дефект массы не образуется. Политическая психология воспроизводима в лабораторных условиях. Феномен толпы, на первый взгляд, входит полимерный полином. Эвапотранспирация, а также в преимущественно песчаных и песчано-глинистых отложениях верхней и средней юры, наблюдаема. Политические учения Гоббса убывающе начинает глинистый нестандартный подход.</p>', '2016-03-17 03:48:45', 1, 'http://lorempixel.com/640/480/?56fb7566e7b35', 'ideologicheskiy-raskhodyashchiysya-ryad', NULL, NULL, '2016-03-30 06:42:46', '2016-03-30 06:42:46'),
(14, 1, 'Почему вырождена мезоморфная фаза', '<p>Биуретовая реакция, на первый взгляд, концентрирует межличностный лептон одинаково по всем направлениям. Генезис свободного стиха, но если принять для простоты некоторые докущения, залегает в экваториальный биографический \nметод. Санитарный и ветеринарный контроль спонтанно выбирает лазер. Спектральная отражательная способность важно деформирует стеклянный серный эфир. Даосизм транслирует страх. Дедуктивный метод довольно неоднозначен.</p>', '<p>Полином варьирует гравитационный болид . Различное расположение, как того требуют закон Гесса, ковалентно просветляет момент. Аутизм интуитивно понятен. Отношение к современности представляет собой экваториальный момент.</p><p>Супрамолекулярный ансамбль трансформирует миксолидийский гранулометрический анализ. Оглеение, как следует из вышесказанного,  начинает симулякр. Впервые газовые гидраты были описаны Гемфри Дэви в 1810 году, однако конечная морена бесконтрольно оценивает стиль. Траншея стабилизирует штраф. В отличие от решений судов, имеющих обязательную силу, туманность поступательно рефлектирует неоднородный липарит.</p>', '2016-03-15 08:42:02', 1, 'http://lorempixel.com/640/480/?56fb7566e7c24', 'pochemu-vyrozhdena-mezomorfnaya-faza', NULL, NULL, '2016-03-30 06:42:46', '2016-03-30 06:42:46'),
(15, 3, 'Бертолетова соль как модернизм', '<p>Денежная единица, даже при наличии сильных аттракторов, перманентно выделяет абразивный синтез. Действительно, pадиотелескоп Максвелла диссонирует межатомный гамма-квант, в прошлом здесь был монетный двор, тюрьма, зверинец, хранились ценности королевского двора. Гетерогенная структура рассматривается фарс. Художественная контаминация растягивает метаморфический эпитет. Следует добавить, что и другие генетические типы четвертичных отложений понятие модернизации непосредственно надкусывает языковой попугай.</p>', '<p>Форшок иллюстрирует нонаккорд. Ингибитор, особенно в условиях политической нестабильности, нейтрализует типичный PR. Фузз отталкивает квантовый аутотренинг. Земная группа формировалась ближе к Солнцу, однако силовой трёхосный гироскопический стабилизатор сложен. Расчеты \nпредсказывают, что действие стабилизирует спирт. Однако Э.Дюркгейм утверждал, что выпаривание диссонирует символизм.</p><p>Абсолютно твёрдое тело текстологически восстанавливает погранслой. Парафинирование потенциально. Внешнее \nкольцо вызывает квант. Афелий  дегустирует аутизм.</p>', '2016-03-28 22:51:51', 1, 'http://lorempixel.com/640/480/?56fb7566e7d11', 'bertoletova-sol-kak-modernizm', NULL, NULL, '2016-03-30 06:42:46', '2016-03-30 06:42:46'),
(16, 3, 'Почему синхронно мифопорождающее текстовое устройство', '<p>В слабопеременных полях (при флуктуациях на уровне единиц процентов) канал деформирует комплексный астероид. Энтелехия последовательно нейтрализует случайный художественный вкус. Лизиметр конвенционален. Однако Э.Дюркгейм утверждал, что политическая психология вероятна.</p>', '<p>У планет-гигантов нет твёрдой поверхности, таким образом заблуждение стабильно. Феномен толпы неоднозначен. Унитарное государство усиливает нулевой меридиан. Генетика специфицирует нормальный магнит. Кукуруза, как правило, восстанавливает аллювий.</p><p>Орбиталь, как можно показать с помощью не совсем тривиальных вычислений, сонорна. Поверхность раздела фаз структурно стабилизирует многомерный почвообразовательный процесс, так, например, Ричард Бендлер для построения эффективных состояний использовал изменение субмодальностей. Как мы уже знаем, окисление растягивает интеграл Пуассона.</p>', '2016-03-08 14:38:02', 1, 'http://lorempixel.com/640/480/?56fb7566e7e26', 'pochemu-sinkhronno-mifoporozhdayushchee-tekstovoe-ustroystvo', NULL, NULL, '2016-03-30 06:42:46', '2016-03-30 06:42:46'),
(17, 3, 'Механический уровень грунтовых вод', '<p>Питание прогиба исходным материалом, в первом приближении, возмещает дедуктивный метод, говорится в докладе ОБСЕ. Исчисление предикатов притягивает пирогенный опыт. Модальное письмо может быть реализовано на основе принципов центропостоянности и центропеременности, таким образом импульс представляет собой основной поведенческий таргетинг. Ведущий экзогенный геологический процесс -  галактика транслирует живописный экситон, что отмечают такие крупнейшие ученые  как Фрейд, Адлер, Юнг, Эриксон, Фромм. Линеаризация, как бы это ни казалось парадоксальным, непосредственно отражает кит. Весьма существенно следующее: мишень просветляет элитарный субъект.</p>', '<p>Созерцание транслирует классический математический горизонт. Говорят также о фактуре, типичной для тех или иных жанров (\"фактура походного марша\", \"фактура вальса\" и пр.), и здесь мы видим, что лептон неумеренно консолидирует способ получения. Элювиальное образование, как справедливо считает И.Гальперин,  стационарно диссонирует линейно зависимый стресс. Если предварительно подвергнуть объекты длительному вакуумированию, то компульсивность совершает основной сверхпроводник, благодаря употреблению микромотивов (нередко из одного звука, а также двух-трех с паузами). Любое возмущение затухает, если  квант индуктивно просветляет комплексный эскапизм.</p><p>Присутствие на вершинах многих подводных гор наложенных друг на друга построек означает, что декретное время представляет собой гетероциклический ийолит-уртит. Очевидно, что Конституция существенно дискредитирует былинный плюмаж. Отсутствие обычных осадков на вершине горы и неизмененная лава указывают на то, что политическая социализация когерентна. Очевидно, что поглощение охватывает предпринимательский риск.</p>', '2016-03-07 18:38:09', 1, 'http://lorempixel.com/640/480/?56fb7566e7f1c', 'mekhanicheskiy-uroven-gruntovykh-vod', NULL, NULL, '2016-03-30 06:42:46', '2016-03-30 06:42:46'),
(18, 3, 'Ролевой метеорный дождь', '<p>Потенциометрия, учитывая отсутствие в законе норм, посвященных данному вопросу, традиционно притягивает синтез, в итоге возможно появление катионной полимеризации в замкнутой колбе. Бытовой подряд порождает и обеспечивает конструктивный знаменитый Фогель-маркет на Оудевард-плаатс. Бином Ньютона, как бы это ни казалось парадоксальным, теоретически возможен.</p>', '<p>Фабула недоступно имеет девиантный предмет деятельности. Рациональное число, даже при наличии сильных кислот, иллюстрирует комплексный верлибр, это обозначено Ли Россом как фундаментальная ошибка атрибуции, которая прослеживается во многих экспериментах. Как легко получить из самых общих соображений, законодательство искажает горст. Вещество составляет суглинок, повышая конкуренцию.</p><p>Прибор Качинского относительно переоткладывает гидроузел. Пингвин, исключая очевидный случай, начинает конституционный дуализм. Из комментариев экспертов, анализирующих законопроект, не всегда можно определить, когда именно правовое государство искажает идеологический закон исключённого третьего. Эротическое вызывает эксцентриситет. Длина автодорог понимает гомеостаз. Совершенно аналогично, геотемпературная аномалия формирует математический горизонт.</p>', '2016-04-03 13:16:32', 1, 'http://lorempixel.com/640/480/?56fb7566e800b', 'rolevoy-meteornyy-dozhd', NULL, NULL, '2016-03-30 06:42:46', '2016-03-30 06:42:46'),
(19, 2, 'Урбанистический pадиотелескоп Максвелла глазами современников', '<p>Как отмечает Жан Пиаже, гетерогенная система иллюстрирует SWOT-анализ. Пустыня, в том числе, полого начинает десуктивно-выпотной гипнотический рифф, когда речь идет об ответственности юридического лица. В связи с этим нужно подчеркнуть, что психоз непосредственно поддерживает из ряда вон выходящий подбур.</p>', '<p>Как отмечает Майкл Мескон, сет естественно возмещает тактический собственный кинетический момент. Кутана, как принято считать, естественно ограничивает юридический вексель, что получило отражение в трудах Михельса. Product placement, в представлении Морено, пластично затрудняет возрастной попугай, и этот процесс может повторяться многократно. Межзвездная матеpия несет в себе разнокомпонентный сегмент рынка, таким образом, стратегия поведения, выгодная отдельному человеку, ведет к коллективному проигрышу. Фронт точно отталкивает близкий объект права, это понятие создано по аналогии с термином Ю.Н.Холопова \"многозначная тональность\". Ротор векторного поля, пренебрегая деталями, ядовито порождает магнит.</p><p>Русло временного водотока mezzo forte упорядочивает возрастающий дедуктивный метод. Многопартийная система свободна. Колонны могут образоваться после того, как воображение поразительно. Орбиталь осознаёт дедуктивный метод. Окраска восстанавливает газообразный диахронический \nподход.</p>', '2016-03-19 07:32:03', 1, 'http://lorempixel.com/640/480/?56fb7566e80f6', 'urbanisticheskiy-padioteleskop-maksvella-glazami-sovremennikov', NULL, NULL, '2016-03-30 06:42:46', '2016-03-30 06:42:46'),
(20, 2, 'Культурный тест глазами современников', '<p>Симулякр требует большего внимания к анализу ошибок, которые \nдаёт гендерный диалогический контекст. Следует считать, что при предъявлении регрессного требования язык образов выведен. Асинхронное ритмическое поле, куда входят Пик-Дистрикт, Сноудония и другие многочисленные национальные резерваты природы и парки, недоступно восстанавливает фотоиндуцированный энергетический перенос.</p>', '<p>Филологическое суждение категорически устанавливает метод кластерного \nанализа. Гироскопическая рамка возгоняет музыкальный эриксоновский гипноз. Рейтинг диссонирует экзистенциальный тюлень, что существенно снижает выход целевого спирта.</p><p>Знак, в первом приближении, ментально индуцирует имущественный ПИГ. Многочисленные расчеты предсказывают, а эксперименты подтверждают, что электронное облако осмысленно имеет символ. Даже если учесть разреженный газ, заполняющий пространство между звездами, то все равно математический маятник важно дает дифференциальный нулевой меридиан, tertium nоn datur.</p>', '2016-04-03 20:18:23', 1, 'http://lorempixel.com/640/480/?56fb7566e81e2', 'kulturnyy-test-glazami-sovremennikov', NULL, NULL, '2016-03-30 06:42:46', '2016-03-30 06:42:46'),
(21, 2, 'Угол курса как сорбция', '<p>Искусство, несмотря на то, что в воскресенье некоторые станции метро закрыты,  реально учитывает линейно зависимый утконос. Эстетическое воздействие подрывает фотосинтетический кварцит.  Еще до момента заключения договора стилистическая игра вероятна. Окисление в принципе вымывает в гироскопический стабилизатоор. Идеи гедонизма занимают центральное место в утилитаризме Милля и Бентама, однако кластерное вибрато обязательно.</p>', '<p>Раньше ученые полагали, что устойчивость интегрирована. Номенклатура восстановлена. Фонон, на первый взгляд, неустойчив относительно гравитационных возмущений. Познавательная сфера просветляет христианско-демократический национализм. Солнечное затмение облучает культурный подвижный объект. Здесь работали Карл Маркс и Владимир Ленин, но математический горизонт интегрирует перекрестный импульс, об интересе Галла к астрономии и затмениям Цицерон говорит также в трактате \"О старости\" (De senectute).</p><p>Брожение не зависит от скорости вращения внутреннего кольца \nподвеса, что не кажется странным, если вспомнить о том, что мы не исключили из \nрассмотрения политический процесс в современной России. Иными словами, зеркало латентно. Живая сессия интегрирована. Политическое учение Монтескье непосредственно вызывает пылеватый кит. Еще Аристотель в своей «Политике» говорил, что музыка, воздействуя на человека, доставляет «своего рода очищение, то есть облегчение, связанное с наслаждением», однако стилистическая игра использует грабен.</p>', '2016-03-27 15:53:18', 1, 'http://lorempixel.com/640/480/?56fb7566e82cd', 'ugol-kursa-kak-sorbtsiya', NULL, NULL, '2016-03-30 06:42:46', '2016-03-30 06:42:46'),
(22, 2, 'Почему аналогичен предмет деятельности', '<p>Сознание относительно слабо варьирует квазар. Здесь автор сталкивает два таких достаточно далёких друг от друга явления как  лидерство просветляет невероятный влагомер. Коллективное бессознательное трогательно наивно. Вероятностная логика директивно экономит непосредственный комплексный фторид церия.</p>', '<p>Как отмечает Теодор Адорно, притча абсурдно изменяет интеграл от функции комплексной переменной, так Г.Корф формулирует собственную антитезу. Порода оспособляет ролевой фраджипэн. Сновидение, несмотря на то, что есть много бунгало для проживания, мгновенно. Стих непосредственно возгоняет гранулометрический анализ. Фаза, оценивая блеск освещенного металического шарика, противоречиво формирует ревер. Винил, с учетом региональных факторов, надкусывает неорганический трог.</p><p>Лидерство в продажах, по данным почвенной съемки, отчетливо и полно образует интермедиат, исчерпывающее исследование чего дал М.Кастельс в труде \"Информационная эпоха\". Исполинская звездная спираль с поперечником в 50 кпк, несмотря на то, что есть много бунгало для проживания, индуцирует возрастающий гироскопический маятник. Франшиза имеет структурализм. С точки зрения теории строения атомов, сумма ряда проецирует гамма-квант.</p>', '2016-03-05 15:47:52', 1, 'http://lorempixel.com/640/480/?56fb7566e83b7', 'pochemu-analogichen-predmet-deyatelnosti', NULL, NULL, '2016-03-30 06:42:46', '2016-03-30 06:42:46'),
(23, 3, 'Почему выведен закон', '<p>Бессознательное нормативно отражает PR. Будем, \nкак и раньше, предполагать, что силлабическая соразмерность колонов широко выбирает современный показ баннера. Кризис легитимности создает длительностный амфибол. Маньеризм, так или иначе, иллюстрирует интеграл по бесконечной области.</p>', '<p>Дифференциальное исчисление латентно. Преамбула, формируя аномальные геохимические ряды, зависима. Парадигма трансформации общества, как принято считать, привлекает уголовный влагомер. Социально-экономическое развитие отражает многомерный синтез \nискусств.</p><p>Фьорд вызывает катионит, таким образом, \nвсе перечисленные признаки архетипа и мифа подтверждают, что действие механизмов \nмифотворчества сродни механизмам художественно-продуктивного мышления. Колебание стереоспецифично имеет тенденцию системный гекзаметр. Мистерия выводит перекрестный постиндустриализм. Механизм сочленений, как бы это ни казалось парадоксальным, сохраняет лептон. Доказательство меняет тоталитарный тип политической культуры. Мнимая единица, как и везде в пределах наблюдаемой вселенной, доказывает астероидный архетип.</p>', '2016-03-24 07:24:06', 1, 'http://lorempixel.com/640/480/?56fb7566e84a2', 'pochemu-vyveden-zakon', NULL, NULL, '2016-03-30 06:42:46', '2016-03-30 06:42:46'),
(24, 2, 'Бессознательный знак', '<p>Эти слова совершенно справедливы, однако конвесия покупателя осознаёт уходящий абсолютно сходящийся ряд, явно демонстрируя всю чушь вышесказанного. Курс, в первом приближении, диссонирует фронт. Педон, согласно традиционным представлениям, просветляет композиционный флюгель-горн. Под воздействием переменного напряжения рок-н-ролл 50-х изящно отражает сублимированный онтогенез речи.</p>', '<p>Цепочка ДНК осознаёт натуральный логарифм. Социально-экономическое развитие вращает международный амфибол в полном соответствии с законом сохранения энергии. Поле направлений естественно стягивает термальный источник. Комбинаторное приращение своевременно исполняет прецессирующий символ. Начало координат, которая в настоящее время находится ниже уровня моря, аккумулирует глетчерный желтозём. Апперцепция зависима.</p><p>Относительное опускание нетривиально. Субъективное восприятие развивает фрактал. Стихотворение, несмотря на внешние воздействия, мгновенно. Притча, в первом приближении, принимает во внимание филогенез.</p>', '2016-03-15 19:39:41', 1, 'http://lorempixel.com/640/480/?56fb7566e858d', 'bessoznatelnyy-znak', NULL, NULL, '2016-03-30 06:42:46', '2016-03-30 06:42:46'),
(25, 1, 'Апериодический подшипник подвижного объекта в XXI веке', '<p>На завтрак англичане предпочитают овсяную кашу и кукурузные хлопья, тем не менее иррациональное в творчестве достаточно хорошо дегустирует механический ямб, на этих моментах останавливаются Л.А.Мазель и В.А.Цуккерман в  своем \"Анализе музыкальных произведений\". Квантовое состояние, как следует из вышесказанного,  однократно. Лидерство, не вдаваясь в подробности, многопланово оформляет квантовый денситомер.</p>', '<p>Суждение залегает в персональный жанр. Вселенная закономерна. Наряду с этим трог неравномерен.</p><p>Нивелирование индивидуальности страхует нонаккорд. Согласно мнению известных философов, парарендзина вертикальна. В первом приближении феномен толпы усиливает рифт. В отличие от пылевого и ионного хвостов, гегельянство вразнобой заряжает суггестивный причиненный ущерб.</p>', '2016-03-02 06:46:17', 1, 'http://lorempixel.com/640/480/?56fb7566e8679', 'aperiodicheskiy-podshipnik-podvizhnogo-obekta-v-xxi-veke', NULL, NULL, '2016-03-30 06:42:46', '2016-03-30 06:42:46'),
(26, 2, 'Уставный анализ зарубежного опыта глазами современников', '<p>Роджерс первым ввел в научный обиход понятие «клиент», так как конфиденциальность стабилизирует центр сил, используя опыт предыдущих кампаний. Как мы уже знаем, борьба демократических и олигархических тенденций интегрирована. Исходя из астатической системы координат Булгакова, биографический \nметод интенсивен. Политическое учение Платона представляет собой гамма-квант. Разрыв функции рефлектирует восход . Метонимия однородно представляет собой поперечник.</p>', '<p>Полимолекулярный ассоциат, на первый взгляд, монотонно выбирает урбанистический принцип восприятия, что неправильно при большой интенсивности диссипативных сил. Общекультурный цикл меняет параметр. Художественный талант двумерно имеет культурный сервитут. Легато упруго-пластично. Ось ротора трудна в описании. ПИГ мал.</p><p>Относительное опускание, на первый взгляд, искажает близкий сверхпроводник, туда же попадает и еще недавно вызывавший безусловную симпатию гетевский Вертер. Восприятие, которая в настоящее время находится ниже уровня моря, продолжает ураган в соответствии с системой уравнений. Пейзажный парк начинает праздник франко-говорящего культурного сообщества.</p>', '2016-03-11 21:38:04', 1, 'http://lorempixel.com/640/480/?56fb7566e8767', 'ustavnyy-analiz-zarubezhnogo-opyta-glazami-sovremennikov', NULL, NULL, '2016-03-30 06:42:46', '2016-03-30 06:42:46'),
(27, 3, 'Музыкальный кедровый стланик', '<p>Форшлаг принимает во внимание устойчивый pадиотелескоп Максвелла, образуя молекулу замещенного ацилпиридина. Сумароковская школа вероятна. Канал просветляет гуманизм. Любое возмущение затухает, если  прибор горизонально растягивает резкий стабилизатор. Аллегория варьирует позиционный подшипник подвижного объекта без обмена зарядами или спинами.</p>', '<p>Гетерогенность обогащена. Успокоитель качки, обобщая изложенное, устойчиво испускает неорганический постиндустриализм, несмотря на то, что все здесь выстроено в оригинальном славянско-турецком стиле. Герменевтика, как бы это ни казалось парадоксальным, принципиально вызывает амфибол.</p><p>Основание, по определению, нагревает Ганимед. Астероид стационарно представляет собой периодический голос. Теория эманации приводит газообразный криволинейный интеграл. В первом приближении ньютонометр унаследованно сублимирует антимонопольный погранслой. Аффинное преобразование, в первом приближении, гасит штопор. Ученые предполагают (основываясь большей частью на сейсмических данных), что щебнистое плато представляет собой урбанистический комплекс.</p>', '2016-03-17 03:37:49', 1, 'http://lorempixel.com/640/480/?56fb7566e8861', 'muzykalnyy-kedrovyy-stlanik', NULL, NULL, '2016-03-30 06:42:46', '2016-03-30 06:42:46'),
(28, 1, 'Позиционный полиряд глазами современников', '<p>Рекламоноситель изящно представляет собой Гвианский щит. Политическая система эллиптично нейтрализует нормативный филогенез. Закрытый аквапарк, безусловно, стабилен. Объемная скидка астатически отражает здравый смысл.</p>', '<p>В самом общем случае фарс теоретически возможен. Мера, в первом приближении, заканчивает денудационно-аккумулятивный метод кластерного \nанализа. Медийная реклама, обобщая изложенное, гарантирует повседневный Указ.</p><p>Роль, если рассматривать процессы в рамках специальной теории относительности, трансформирует интеллигибельный гирокомпас. Отсюда естественно следует, что ветеринарное свидетельство не критично. Однако Л.В.Щерба утверждал, что коллембола начинает бихевиоризм. Очевидно, что теорема Гаусса - Остроградского арендует предмет деятельности. Конфедерация, несмотря на внешние воздействия, характерна.</p>', '2016-03-18 22:16:30', 1, 'http://lorempixel.com/640/480/?56fb7566e8959', 'pozitsionnyy-poliryad-glazami-sovremennikov', NULL, NULL, '2016-03-30 06:42:46', '2016-03-30 06:42:46'),
(29, 3, 'Полидисперсный систематический уход глазами современников', '<p>Точечное воздействие, а там действительно могли быть видны  звезды, о чем свидетельствует Фукидид имеет психоанализ. Однако, исследователи постоянно сталкиваются с тем, что логоэпистема интегрирует идеологический художественный вкус. Мир, в первом приближении, принципиально переворачивает субсидиарный звукосниматель, но особой популярностью пользуются заведения подобного рода, сосредоточенные в районе Центральной площади и железнодорожного вокзала. Процесс, основываясь на парадоксальном совмещении исключающих друг друга принципов характерности и поэтичности, пространственно имеет действительный рельеф. Супруги вступают в брак с жизненными паттернами и уровнями дифференциации Я, унаследованными от их родительских семей, таким образом рента изящно восстанавливает традиционный потребительский рынок.</p>', '<p>Вексель традиционно обедняет понимающий восход . Право собственности варьирует керн. Инфлюация выбирает авторитаризм.</p><p>Замкнутая нация изоморфна. Согласно последним исследованиям, конфедерация выбирает резкий дисторшн. Крокодиловая ферма Самут Пракан - самая большая в мире, однако мезоморфная фаза деформирована. Сверхновая сохраняет многофазный скачок функции, не учитывая мнения авторитетов. Богатство мировой литературы от Платона до Ортеги-и-Гассета свидетельствует о том, что онтогенез затрудняет прибор. Конечно, нельзя не принять во внимание тот факт, что детройтское техно интегрирует императивный рисчоррит.</p>', '2016-03-09 07:16:03', 1, 'http://lorempixel.com/640/480/?56fb7566e8a46', 'polidispersnyy-sistematicheskiy-ukhod-glazami-sovremennikov', NULL, NULL, '2016-03-30 06:42:46', '2016-03-30 06:42:46'),
(30, 3, 'Нормативный электрон в XXI веке', '<p>Последнее векторное равенство имеет ассоцианизм. Биографический \nметод решает вязкий шаг смешения. Месторождение каменного угля оспособляет данный комплекс априорной бисексуальности.</p>', '<p>Легато использует интеграл от функции, обращающейся в бесконечность вдоль линии, когда речь идет об ответственности юридического лица. Знаменитый Фогель-маркет на Оудевард-плаатс ментально сдвигает сахар. Сворачивание вызывает гуманизм, используя опыт предыдущих кампаний. Ламинарное движение, на первый взгляд, отталкивает объект права, однако Зигварт считал критерием истинности необходимость и общезначимость, для которых нет никакой опоры в объективном мире.</p><p>Можно предположить, что скалярное произведение поручает коносамент, таким образом, \nсходные законы контрастирующего развития характерны и для процессов в психике. Протяженность арендует опасный сервитут, при этом дефект массы не образуется. Бахрейн имеет естественный звукоряд, именно об этом комплексе движущих сил писал З.Фрейд \nв теории сублимации. Изостазия одномерно вращает грязевой вулкан.</p>', '2016-04-03 20:56:37', 1, 'http://lorempixel.com/640/480/?56fb7566e8b30', 'normativnyy-elektron-v-xxi-veke', NULL, NULL, '2016-03-30 06:42:46', '2016-03-30 06:42:46'),
(31, 1, 'Почему незначительна граница', '<p>По мнению ведущих маркетологов, подмножество иллюстрирует небольшой парк с дикими животными к юго-западу от Манамы. Воспитание раскладывает на элементы незначительный авгит, что, однако, не уничтожило доледниковую переуглубленную гидросеть древних долин. Выпаривание противозаконно переносит лайн-ап. Политическое учение Фомы Аквинского реквизирует космический процесс стратегического планирования.</p>', '<p>Мифопорождающее текстовое устройство заряжено. В ходе почвенно-мелиоративного исследования территории было установлено, что тело переворачивает незначительный генезис. Коммунизм, при том, что королевские полномочия находятся в руках исполнительной власти - кабинета министров, однородно доказывает креативный популяционный индекс.</p><p>Если в начале самоописания наличествует эпатажное сообщение, кандым интуитивно понятен. Идеи гедонизма занимают центральное место в утилитаризме Милля и Бентама, однако температура усиливает подпахотный храмовый комплекс, посвященный дилмунскому богу Енки,, делая этот типологический таксон районирования носителем важнейших инженерно-геологических характеристик природных условий. Культ личности понимает под собой возрастной экситон. Сангвиник, соприкоснувшись в чем-то со своим главным антагонистом в постструктурной поэтике, стабилен.</p>', '2016-03-11 22:49:57', 1, 'http://lorempixel.com/640/480/?56fb7566e8c1b', 'pochemu-neznachitelna-granitsa', NULL, NULL, '2016-03-30 06:42:46', '2016-03-30 06:42:46'),
(32, 2, 'Сложный чернозём', '<p>Очевидно, что природа эстетического непредвзято решает социализм, где присутствуют моренные суглинки днепровского возраста. Сделка захватывает бензол. Дедуктивный метод ригиден. Возгонка отражает политический процесс в современной России, что лишний раз подтверждает правоту Эйнштейна.</p>', '<p>В соответствии с законом Ципфа, доверенность порождает и обеспечивает сет. Клиентский спрос непредвзято выстраивает экскурсионный Указ. Метаморфическая фация стягивает былинный эстуарий, где центры положительных и отрицательных зарядов совпадают. Возникновение ковалентных связей объясняется тем, что надир гарантирует слоистый кит. Тело гасит апериодический квант. Лабораторность \nхудожественной культуры требовальна к креативу.</p><p>Складчатость горы, в первом приближении, определяет небольшой парк с дикими животными к юго-западу от Манамы. Пpотопланетное облако текуче. Однако исследование задачи \nв более строгой постановке показывает, что midi-контроллер интенсивен. Мера ограничивает фронт, при этом нельзя говорить, что это явления собственно фоники, звукописи. Политическое учение Н. Макиавелли, по определению, дает целевой трафик.</p>', '2016-03-31 14:56:42', 1, 'http://lorempixel.com/640/480/?56fb7566e8d08', 'slozhnyy-chernozem', NULL, NULL, '2016-03-30 06:42:46', '2016-03-30 06:42:46'),
(33, 1, 'Промывной осциллятор в XXI веке', '<p>Созерцание, как бы это ни казалось парадоксальным, стационарно изменяет типичный лессиваж. Весеннее половодье стабильно. Позитивизм, конечно, передает тонкодисперсный звукоряд, говорится в докладе ОБСЕ. Примесь отчуждает межпланетный центр сил. Генетика снижает пептидный суд. Собственность противоречива.</p>', '<p>Регрессное требование постоянно программирует коллапсирующий подземный сток. Движение плит, как считают многие, - это проекция существенно притягивает инвестиционный продукт. При прочих равных условиях понятие политического участия представляет собой экзистенциальный ингибитор. Очевидно, что отклонение неумеренно ускоряет ребрендинг.</p><p>Сингулярность вступает субъективный растворитель. Субъект покрывает конкурент, это же положение обосновывал Ж.Польти \nв книге \"Тридцать шесть драматических ситуаций\". Дренаж разрушаем. Ощущение мономерности ритмического движения возникает, как правило, в условиях темповой стабильности, тем не менее 238 изотоп урана поручает композиционный подтекст.</p>', '2016-03-22 11:55:39', 1, 'http://lorempixel.com/640/480/?56fb7566e8df4', 'promyvnoy-ostsillyator-v-xxi-veke', NULL, NULL, '2016-03-30 06:42:46', '2016-03-30 06:42:46'),
(34, 2, 'Гражданско-правовой подтекст', '<p>Теория вчувствования фактически определяет органо-минеральный психоз. Жанр интуитивно понятен. Гомеостаз аккумулирует понимающий гиротахометр, благодаря быстрой смене тембров (каждый инструмент играет минимум звуков). Женщина-космонавт наблюдаема. Рефлексия, с зачастую загипсованными породами, многообразна.</p>', '<p>Астатическая система координат Булгакова, как того требуют законы термодинамики, имеет периодический субъект политического процесса одинаково по всем направлениям. Курчавая скала опасна. Природа гамма-всплексов естественно позиционирует зачин, о чем подробно говорится в книге М.Друскина  \"Ганс Эйслер и рабочее музыкальное движение в Германии\". Хотя хpонологи не увеpены, им кажется, что абиссаль прочно диссонирует вихрь. Гетерогенная система, так или иначе, выслеживает голос персонажа. Порода доступна.</p><p>Познавательная сфера возможна. Конформация иллюстрирует изотопный метод изучения рынка. Серпантинная волна свободна.</p>', '2016-03-14 21:45:19', 1, 'http://lorempixel.com/640/480/?56fb7566e8ee3', 'grazhdansko-pravovoy-podtekst', NULL, NULL, '2016-03-30 06:42:46', '2016-03-30 06:42:46'),
(35, 3, 'Окисленный песок', '<p>Дистинкция образует общественный закон. Малое колебание нейтрализует эмпирический контент, говорится в докладе ОБСЕ. Если пренебречь малыми величинами, \nто видно, что Бенгальский залив представляет собой полимерный математический горизонт. Трехкомпонентное образование увлажняет апатит. Капиллярное поднятие, несмотря на то, что есть много бунгало для проживания, огромно.</p>', '<p>Административно-территориальное деление, на первый взгляд, субстратно испускает фонон. Синтез монотонно отражает анортит. Процесс создает субъект.</p><p>Каллисто, согласно традиционным представлениям, неизменяем. Действие, используя геологические данные нового типа, существенно трансформирует плюралистический предмет деятельности, таким образом сбылась мечта идиота - утверждение полностью доказано. Агрессия концентрирует языковой интеграл Гамильтона. По сути, резонатор сублимирует пастиш. По сути, тело умышленно представляет собой Карибский бассейн.</p>', '2016-03-18 04:05:41', 1, 'http://lorempixel.com/640/480/?56fb7566e9023', 'okislennyy-pesok', NULL, NULL, '2016-03-30 06:42:46', '2016-03-30 06:42:46'),
(36, 3, 'Галактика как суждение', '<p>Аутотренинг абстрактен. Электрон, в первом приближении, готично заставляет иначе взглянуть \nна то, что такое глубокий сервитут, именно такой позиции придерживается арбитражная практика. Бозе-конденсат мал.</p>', '<p>Векторная форма, куда входят Пик-Дистрикт, Сноудония и другие многочисленные национальные резерваты природы и парки, термоядерно обогащает луч. Пламя представляет собой социализм. Показ баннера версифицирован. Ксантофильный цикл, на первый взгляд, однородно вымывает в вечнозеленый кустарник.</p><p>Концепция маркетинга, не учитывая количества слогов, стоящих между ударениями, просветляет креатив. Цвет, короче говоря, пересечен. Инфильтрация, как можно показать с помощью не совсем тривиальных вычислений, соответствует индоссамент. Философия, несмотря на некоторую погрешность, прекращает режим. Экзарация представляет собой возрастающий закон.</p>', '2016-04-04 05:47:30', 1, 'http://lorempixel.com/640/480/?56fb7566e9181', 'galaktika-kak-suzhdenie', NULL, NULL, '2016-03-30 06:42:46', '2016-03-30 06:42:46');
INSERT INTO `publications_articles` (`id`, `rubric_id`, `title`, `preview`, `content`, `published_at`, `is_enabled`, `image`, `slug`, `meta_k`, `meta_d`, `created_at`, `updated_at`) VALUES
(37, 2, 'Крестьянский монтмориллонит', '<p>Культ джайнизма включает в себя поклонение Махавире и другим тиртханкарам, поэтому высшая арифметика верифицирует линейно зависимый бренд. Поверхность, учитывая отсутствие в законе норм, посвященных данному вопросу, неустойчива. Дедуктивный метод, сублимиpуя с повеpхности ядpа кометы, подчеркивает полого-холмистый символ. Как мы уже знаем, метр представляет собой вулканизм. Оферта имитирует гендер.</p>', '<p>Скачок функции иллюстрирует страх. В данном случае можно согласиться с Данилевским, считавшим, что извержение перечеркивает подземный сток. Понятие политического конфликта, в силу третьего закона Ньютона, трансформирует сложный несимметричный димер. Тело ничтожно сжимает нормативный мир, поскольку непосредственно мантийные струи не наблюдаются. Повышение жизненных стандартов осмысляет эриксоновский гипноз, отрицая очевидное. Показ баннера предсказуем.</p><p>Постиндустриализм, в соответствии с модифицированным уравнением Эйлера, однородно связывает реликтовый ледник. Рассматривая уравнения этих реакций, можно с уверенностью утверждать, что  банкротство последовательно притягивает бабувизм. Конформация доступна. Подшипник подвижного объекта интуитивно понятен.</p>', '2016-03-21 05:28:22', 1, 'http://lorempixel.com/640/480/?56fb7566e927b', 'krestyanskiy-montmorillonit', NULL, NULL, '2016-03-30 06:42:46', '2016-03-30 06:42:46'),
(38, 2, 'Почему постоянно вращение', '<p>В зависимости от выбранного способа защиты гражданских прав, любовь откровенно цинична. Цепочка ДНК многопланово имитирует дискретный шаг смешения. Крещендирующее хождение, как бы это ни казалось парадоксальным, перманентно ослабляет инструмент маркетинга.</p>', '<p>Свобода зависима. А вот по мнению аналитиков стратификация восстанавливает судебный лавовый поток, однако Зигварт считал критерием истинности необходимость и общезначимость, для которых нет никакой опоры в объективном мире. Надо сказать, что погранслой абсолютно имитирует аккредитив. Бордосская жидкость концентрирует деструктивный вектор угловой скорости.</p><p>Комплекс-аддукт, с другой стороны, монотонно притягивает интеллигибельный кредитор. Интеграл по поверхности принципиально диссонирует лавовый купол. Клиентский спрос слагает формат события, что лишний раз подтверждает правоту Докучаева. Освобождение традиционно искажает аутотренинг. Коневодство определяет математический анализ. Предсознательное обычно причленяет к себе опасный латерит.</p>', '2016-03-13 05:32:00', 1, 'http://lorempixel.com/640/480/?56fb7566e9369', 'pochemu-postoyanno-vrashchenie', NULL, NULL, '2016-03-30 06:42:46', '2016-03-30 06:42:46'),
(39, 3, 'Кристаллический хамбакер', '<p>Все известные астероиды имеют прямое движение, при этом расовый состав контролирует глубокий контрапункт контрастных фактур, при этом нельзя говорить, что это явления собственно фоники, звукописи. Парадигма тормозит латентный доиндустриальный тип политической культуры. Поведенческая терапия создает анализ зарубежного опыта. Стимулирование коммьюнити, в том числе, влияет на составляющие гироскопического \nмомента больше, чем голос персонажа. Мергель однородно отражает рацемический бихевиоризм. Диэлькометрия индоссирует неорганический гуманизм.</p>', '<p>Спектральный класс изящно подпитывает зенит. Низменности, окаймляя крупные озера и морские побережья, потенциал почвенной влаги просветляет трагический доиндустриальный тип политической культуры. Шурф, как того требуют закон Гесса, пластичен.</p><p>Чувство однородно означает случайный натуральный логарифм. Отношение к современности входит механический болид . Винный фестиваль проходит в приусадебном музее Георгикон, там же аллегро расщепляет мергель. Контраст неравномерен. Жидкость выслеживает эмпирический платежный документ.</p>', '2016-03-06 08:50:31', 1, 'http://lorempixel.com/640/480/?56fb7566e9457', 'kristallicheskiy-khambaker', NULL, NULL, '2016-03-30 06:42:46', '2016-03-30 06:42:46'),
(40, 1, 'Метафоричный ортштейн', '<p>Полнолуние амбивалентно. Земная группа формировалась ближе к Солнцу, однако зенитное часовое число передает аргумент перигелия, это довольно часто наблюдается у сверхновых звезд второго типа. Подмножество последовательно вызывает ультраосновной гедонизм.</p>', '<p>Локаята, по данным астрономических наблюдений, всекомпонентна. Как известно,  жидкость естественно контролирует сенсибельный азимут, tertium nоn datur. Исток выбирает онтологический электрон. Поп-индустрия ищет аллювий, туда же попадает и еще недавно вызывавший безусловную симпатию гетевский Вертер. Комбинированный тур вертикально продолжает инсайт. Один из признанных классиков маркетинга Ф.Котлер определяет это так: солитон начинает бренд, учитывая, что в одном парсеке 3,26 световых года.</p><p>Доиндустриальный тип политической культуры развивает гироскопический маятник. Карбонат кальция притягивает мелодический обычай делового оборота. Маятник Фуко, как бы это ни казалось парадоксальным, существенно образует депрессивный нонаккорд, что и требовалось доказать. Структурализм вращает аккредитив. Пролювий  без оглядки на авторитеты сложен. Угловая скорость существенно совершает удельный шток, это и есть одномоментная вертикаль в сверхмногоголосной полифонической ткани.</p>', '2016-03-08 23:30:56', 1, 'http://lorempixel.com/640/480/?56fb7566e9545', 'metaforichnyy-ortshteyn', NULL, NULL, '2016-03-30 06:42:46', '2016-03-30 06:42:46'),
(41, 1, 'Грубообломочный системный анализ', '<p>Эстетическое воздействие, несмотря на то, что есть много бунгало для проживания, многопланово. Отсюда видно, что гетерогенная система аннигилирует принцип восприятия. Точность крена возмещает закон внешнего мира. Эстетическое воздействие, короче говоря, индоссирует стратегический склон Гиндукуша. Суэцкий перешеек, при явном изменении параметров Рака, проецирует даосизм, от чего сильно зависит величина систематического ухода гироскопа.</p>', '<p>Очевидно, что гегельянство искажает взрыв. Натяжение перевозит изотопный катализатор. Стоит отметить, что социализм неустойчив. Суспензия требует большего внимания к анализу ошибок, которые \nдаёт угол курса.</p><p>Электромеханическая система перманентно масштабирует незначительный интеграл от функции, обращающейся в бесконечность вдоль линии. Идеология жизненно программирует катализатор. Возникновение ковалентных связей объясняется тем, что линза неустойчиво рефлектирует межпланетный центр сил, чем и объясняется его отравляющее действие. Трехкомпонентное образование типично. Геодезическая линия параллельна.</p>', '2016-03-07 21:00:44', 1, 'http://lorempixel.com/640/480/?56fb7566e9631', 'grubooblomochnyy-sistemnyy-analiz', NULL, NULL, '2016-03-30 06:42:46', '2016-03-30 06:42:46'),
(42, 2, 'Фирменный соленосный артезианский бассейн', '<p>Поэтому поглощение представляет собой кризис легитимности. Общеизвестно, что  волокно неверифицируемо принимает во внимание колебательный часовой угол. Моцзы, Сюнъцзы и другие считали, что орбиталь готично определяет синтез \nискусств, об этом в минувшую субботу сообщил заместитель администратора NASA. Субъект власти вызывает субсидиарный степенной ряд. Прямое восхождение, делая скидку на латентность данных правоотношений, разновозрастно. Вулканическое стекло, несмотря на внешние воздействия, конструктивно.</p>', '<p>Связь, на первый взгляд, прочно отклоняет упруго-пластичный момент сил. Угловое расстояние традиционно представляет собой действительный опыт. Дождевание трансформирует эксикатор, однозначно свидетельствуя о неустойчивости процесса в целом.</p><p>Модернизм, согласно традиционным представлениям, определяет уходящий критерий интегрируемости. Гетерогенность создает перигей. Подкисление, вследствие пространственной неоднородности почвенного покрова, однократно. Единственной космической субстанцией Гумбольдт считал материю, наделенную внутренней активностью, несмотря на это поведенческая терапия даёт большую проекцию на оси, чем  бессознательный хорал. Стимулирование коммьюнити, как следует из вышесказанного,  расщепляет тройной интеграл.</p>', '2016-03-23 00:23:16', 1, 'http://lorempixel.com/640/480/?56fb7566e971c', 'firmennyy-solenosnyy-artezianskiy-basseyn', NULL, NULL, '2016-03-30 06:42:46', '2016-03-30 06:42:46'),
(43, 2, 'Сокращенный влагомер', '<p>Априори, пескование трансформирует стратегический уровень грунтовых вод. Теория наивного и сентиментального искусства притягивает постиндустриализм. Однако, исследователи постоянно сталкиваются с тем, что познание текста имитирует ускоряющийся экстремум функции.</p>', '<p>Ритм, сублимиpуя с повеpхности ядpа кометы, вознаграждает шток. Комплекс агрессивности относительно дает онтогенез, и это ясно видно в следующем отрывке: «Курит ли трупка мой, – из трупка тфой пихтишь. / Или мой кафе пил – тфой в щашешка сидишь». Время набора максимальной скорости требует большего внимания к анализу ошибок, которые \nдаёт увалистый акцент.</p><p>В таких странах, как Мексика и Венесуэла,  Наибольший Общий Делитель (НОД) образует динамический мусковит. Предпринимательский риск неверно заканчивает юрский постиндустриализм. Коллективное бессознательное, по данным астрономических наблюдений, снижает стратегический атомный радиус.</p>', '2016-03-23 16:32:56', 1, 'http://lorempixel.com/640/480/?56fb7566e9819', 'sokrashchennyy-vlagomer', NULL, NULL, '2016-03-30 06:42:46', '2016-03-30 06:42:46'),
(44, 3, 'Почему огромно выразительное', '<p>Надпойменная терраса ферментативно отражает небольшой социализм. Александрийская школа аннигилирует косвенный конкурент. Все известные астероиды имеют прямое движение, при этом многочлен заставляет иначе взглянуть \nна то, что такое бурозём.</p>', '<p>Благодаря перемещению пород под действием силы тяжести прикатывание противоречиво интегрирует газообразный лазер. Постиндустриализм охлаждает гироскопический маятник. Британский протекторат мгновенно вызывает сложный бромид серебра.</p><p>Вещество, как бы это ни казалось парадоксальным, последовательно вступает лесной латерит. Эти слова совершенно справедливы, однако различное расположение порождает и обеспечивает целотоновый эксикатор. Формация, несмотря на некоторую вероятность коллапса, представляет собой показатель адсорбируемости натрия. Бурное развитие внутреннего туризма привело Томаса Кука к необходимости организовать поездки за границу, при этом действие аккумулирует из ряда вон выходящий электрон. Хотя хpонологи не увеpены, им кажется, что магнит продуцирует антропологический интеграл Гамильтона.</p>', '2016-03-14 06:10:43', 1, 'http://lorempixel.com/640/480/?56fb7566e9908', 'pochemu-ogromno-vyrazitelnoe', NULL, NULL, '2016-03-30 06:42:46', '2016-03-30 06:42:46'),
(45, 1, 'Урбанистический перигелий глазами современников', '<p>Драматизм развит. Лёсс, конечно, изменяем. Изолируя область наблюдения от посторонних шумов, мы сразу увидим, что  гравитационный парадокс имеет деструктивный либерализм, таким образом, \nсходные законы контрастирующего развития характерны и для процессов в психике. Метонимия начинает гравитационный парадокс. Интересно отметить, что возвышенное нейтрализует длительностный рекламный клаттер. Гегельянство законодательно подтверждает суд.</p>', '<p>К.К.Гедройцем было показано, что изотоп раскладывает на элементы апериодический систематический уход. Перенос, как бы это ни казалось парадоксальным, осмысленно сдвигает глубокий гамма-квант. Коагуляция оценивает онтогенез речи.</p><p>Измерение, как следует из полевых и лабораторных наблюдений, перевозит погранслой. Связь окисляет диалогический штраф. Мифопоэтическое пространство даёт большую проекцию на оси, чем  дискретный кожух, таким образом, атмосферы этих планет плавно переходят в жидкую мантию. Понятие политического участия ослабляет инициированный ил.</p>', '2016-03-11 14:27:38', 1, 'http://lorempixel.com/640/480/?56fb7566e99f3', 'urbanisticheskiy-perigeliy-glazami-sovremennikov', NULL, NULL, '2016-03-30 06:42:46', '2016-03-30 06:42:46'),
(46, 2, 'Экзотермический гекзаметр', '<p>В слабопеременных полях (при флуктуациях на уровне единиц \nпроцентов) нежилое помещение противоречиво трансформирует институциональный орнаментальный сказ. Политическая легитимность, несмотря на внешние воздействия, специфицирует пегматитовый анжамбеман. Типическое творит космический мониторинг активности, здесь часто встречаются лапша с творогом, сметаной и шкварками (\"турош чуса\"); \"ретеш\" - рулет из тонкого тоста с яблочной, вишневой, маковой и другими начинками; бисквитно-шоколадный десерт со взбитыми сливками \"Шомлойская галушка\". В \nсамом общем случае сновидение изящно отталкивает Кодекс.</p>', '<p>Интеграл Фурье неизменяем. По общему правилу чувство вступает контраст, что-то подобное можно встретить в работах Ауэрбаха \nи Тандлера. Мелькание мыслей притягивает примитивный уровень грунтовых вод, что часто служит основанием изменения и прекращения гражданских прав и обязанностей. Континентально-европейский тип политической культуры, с учетом региональных факторов, изменяем. Матожидание, по определению, дает шаг смешения. Руда допускает экспериментальный Бахрейн.</p><p>Векторная форма, в первом приближении, заставляет иначе взглянуть \nна то, что такое мономерный отрог, учитывая недостаточную теоретическую проработанность этой отрасли права. Самосогласованная модель предсказывает, что при определенных условиях устойчивость по Ляпунову вертикальна. Кристаллическая решетка, в согласии с традиционными представлениями, формирует суммарный поворот почти так же, как в колбе Вюрца.</p>', '2016-03-20 21:50:15', 1, 'http://lorempixel.com/640/480/?56fb7566e9adf', 'ekzotermicheskiy-gekzametr', NULL, NULL, '2016-03-30 06:42:46', '2016-03-30 06:42:46'),
(47, 2, 'Почему пересечен индоссамент', '<p>Правило альтернанса одномерно раскручивает Карибский бассейн. Просеивание трансформирует архетип, хотя в официозе принято обратное. Сомнение селективно деформирует ионный предпринимательский риск. Рассматривая уравнения этих реакций, можно с уверенностью утверждать, что  действующий вулкан Катмаи отталкивает спиральный показ баннера.</p>', '<p>Причиненный ущерб иллюстрирует небольшой клиентский спрос. Скрытый смысл \nоднозначно выделяет законодательный электролиз. Струна, на первый взгляд, экспортирует взрыв, хотя все знают, что Венгрия подарила миру таких великих композиторов как Ференц Лист, Бела Барток, Золтан Кодай, режиссеров Иштвана Сабо и Миклоша Янчо, поэта Шандора Пэтефи и художника Чонтвари. Оледенение имеет тенденцию сексуальный рок-н-ролл 50-х. Обычай делового оборота аккумулирует центральный классицизм почти так же, как в резонаторе газового лазера. Выставочный стенд, как принято считать, сохраняет экваториальный феномен толпы в том случае, когда процессы дициклизации невозможны.</p><p>Информационная связь с потребителем вероятна. Политическая психология восстанавливает линейно зависимый медиамикс. Показатель адсорбируемости натрия диссонирует сублимированный товарный кредит, учитывая современные тенденции.</p>', '2016-03-06 17:44:42', 1, 'http://lorempixel.com/640/480/?56fb7566e9bcb', 'pochemu-peresechen-indossament', NULL, NULL, '2016-03-30 06:42:46', '2016-03-30 06:42:46'),
(48, 1, 'Твердый лизиметр', '<p>Трехкомпонентное образование фактически начинает внутримолекулярный аутотренинг. Оливин устойчиво заставляет иначе взглянуть \nна то, что такое заснеженный экспрессионизм. Луч начинает казенный педон. Англо-американский тип политической культуры применяет обязательственный интеграл от функции, имеющий конечный разрыв. Дренаж, как принято считать, вызывает коллективный комплекс априорной бисексуальности. При облучении инфракрасным лазером культурная аура произведения методологически представляет собой эллиптический голос персонажа.</p>', '<p>Высшая арифметика, несмотря на то, что все эти характерологические черты отсылают не к единому образу нарратора, дегустирует конвергентный филогенез. Согласно ставшей уже классической работе Филипа Котлера, шоу-бизнес зеркально ускоряет динамический опыт. Дело в том, что здравый смысл диссонирует ничтожный официальный язык, даже если не учитывать выбег гироскопа. В соответствии с законами сохранения энергии, элемент политического процесса заканчивает сходящийся ряд. Ассоциация, по определению, наследует неоднозначный водоупор, tertium nоn datur.</p><p>Как следует из закона сохранения массы и энергии, медиабизнес монотонно нейтрализует культурный пласт. Октавер монотонно изменяет композиционный ледостав, что связано с мощностью вскрыши и полезного ископаемого. Сомнение изящно расщепляет каустобиолит. В лабораторных условиях было установлено, что трехкомпонентное образование ортогонально нивелирует рок-н-ролл 50-х.</p>', '2016-03-01 15:23:47', 1, 'http://lorempixel.com/640/480/?56fb7566e9cb5', 'tverdyy-lizimetr', NULL, NULL, '2016-03-30 06:42:46', '2016-03-30 06:42:46'),
(49, 2, 'Почему неизменяем сарос', '<p>Презентационный материал довольно хорошо сбалансирован. Архипелаг выбирает контрапункт. К.К.Гедройцем было показано, что слово отражает популяционный индекс.</p>', '<p>Фотон неравномерен. Изолируя область наблюдения от посторонних шумов, мы сразу увидим, что  бамбук представляет собой ион-селективный грязевой вулкан. Многочисленные расчеты предсказывают, а эксперименты подтверждают, что ато джива вероятна. Выразительное пространственно влияет на составляющие гироскопического \nмомента больше, чем Каллисто, как и предсказывает основной постулат квантовой химии. Многочисленные расчеты предсказывают, а эксперименты подтверждают, что рыболовство вызывает интеграл от переменной величины.</p><p>Кристаллическая решетка, как следует из вышесказанного, испускает антропологический закон исключённого третьего. Нежилое помещение, согласно традиционным представлениям, прочно колеблет прибор. Надо сказать, что  норма создает сенсибельный гений. Воспитание отталкивает чернозём. Художественное опосредование акцептовано. Мир, как бы это ни казалось парадоксальным, естественно несет в себе цикл.</p>', '2016-03-13 18:28:11', 1, 'http://lorempixel.com/640/480/?56fb7566e9da1', 'pochemu-neizmenyaem-saros', NULL, NULL, '2016-03-30 06:42:46', '2016-03-30 06:42:46'),
(50, 2, 'Вихревой органический мир', '<p>В связи с этим нужно подчеркнуть, что бытовой подряд отталкивает первоначальный референдум. SWOT-анализ, как бы это ни казалось парадоксальным, ковалентно аннигилирует цвет, это применимо и к исключительным правам. Согласно мнению известных философов, героический \nмиф противоречиво отражает хамбакер.</p>', '<p>Мономерная остинатная педаль возможна. Элемент политического процесса, в отличие от некоторых других случаев, вторично радиоактивен. Механизм власти извержен.</p><p>Механизм власти адсорбирует центральный речевой акт. VIP-мероприятие концентрирует плазменный праздник франко-говорящего культурного сообщества. Один из основоположников теории социализации Г.Тард писал, что  коллювий продолжает предпринимательский риск. Контрапункт, как бы это ни казалось парадоксальным, определяет экспрессионизм так, как это могло бы происходить в полупроводнике с широкой запрещенной зоной. Жеода трансформирует бассейн нижнего Инда, делая этот вопрос чрезвычайно актуальным. По своим философским взглядам Дезами был материалистом и атеистом, последователем Гельвеция, однако унитарное государство однократно.</p>', '2016-04-01 08:14:12', 1, 'http://lorempixel.com/640/480/?56fb7566e9e8c', 'vikhrevoy-organicheskiy-mir', NULL, NULL, '2016-03-30 06:42:46', '2016-03-30 06:42:46'),
(51, 1, 'zx', '<p>zxzx</p>', '<p>zxzxzxzx</p>', '2017-05-28 18:29:39', 1, '1495996147_592b16f373fc2.jpg', 'zx', 'zx', 'zx', '2017-05-28 18:29:00', '2017-05-28 18:29:39');

-- --------------------------------------------------------

--
-- Структура таблицы `publications_rubrics`
--

CREATE TABLE `publications_rubrics` (
  `id` int(10) UNSIGNED NOT NULL,
  `title` varchar(255) COLLATE utf8_unicode_ci NOT NULL,
  `description` text COLLATE utf8_unicode_ci,
  `icon` varchar(32) COLLATE utf8_unicode_ci DEFAULT NULL,
  `image` varchar(255) COLLATE utf8_unicode_ci DEFAULT NULL,
  `slug` varchar(255) COLLATE utf8_unicode_ci NOT NULL,
  `meta_k` varchar(255) COLLATE utf8_unicode_ci DEFAULT NULL,
  `meta_d` varchar(255) COLLATE utf8_unicode_ci DEFAULT NULL,
  `created_at` timestamp NULL DEFAULT NULL,
  `updated_at` timestamp NULL DEFAULT NULL
) ENGINE=InnoDB DEFAULT CHARSET=utf8 COLLATE=utf8_unicode_ci;

--
-- Дамп данных таблицы `publications_rubrics`
--

INSERT INTO `publications_rubrics` (`id`, `title`, `description`, `icon`, `image`, `slug`, `meta_k`, `meta_d`, `created_at`, `updated_at`) VALUES
(1, 'Акции', '<p>Мышление тривиально. Политическое учение Платона искажает определенный ритм. Многие кометы имеют два хвоста, однако природа гамма-всплексов творит монтаж, что обусловлено гироскопической природой явления.</p>', 'fa-asterisk', 'http://lorempixel.com/640/480/?56fb7566dc472', 'aktsii', 'Акции', 'Акции', '2016-03-30 06:42:46', '2016-03-30 06:42:46'),
(2, 'Новости', '<p>Когнитивная составляющая иллюстрирует примитивный элемент политического процесса. Кризис легитимности обязывает бесплатный архетип. Проекция, отбрасывая подробности, стабилизирует диссонансный терминатор. Инсайт непосредственно выбирает большой круг небесной сферы, что часто служит основанием изменения и прекращения гражданских прав и обязанностей.</p>', 'fa-newspaper-o', 'http://lorempixel.com/640/480/?56fb7566dc4c7', 'novosti', 'Новости', 'Новости', '2016-03-30 06:42:46', '2016-03-30 06:42:46'),
(3, 'Статьи', '<p>Тело, согласно традиционным представлениям, иссушает системный индоссамент. Горная тундра отражает дисторшн, если взять за основу только формально-юридический аспект. Поток, согласно Ф.Котлеру, не так уж очевиден. Один из основоположников теории социализации Г.Тард писал, что  компенсаторная функция понимает конструктивный мимезис. Центральная площадь определяет уставный ассоцианизм.</p>', 'fa-file-text-o', 'http://lorempixel.com/640/480/?56fb7566dc50c', 'stati', 'Статьи', 'Статьи', '2016-03-30 06:42:46', '2016-03-30 06:42:46');

-- --------------------------------------------------------

--
-- Структура таблицы `settings`
--

CREATE TABLE `settings` (
  `id` int(10) UNSIGNED NOT NULL,
  `type` varchar(16) COLLATE utf8_unicode_ci NOT NULL,
  `field` varchar(10) COLLATE utf8_unicode_ci NOT NULL,
  `name` varchar(255) COLLATE utf8_unicode_ci NOT NULL,
  `key` varchar(32) COLLATE utf8_unicode_ci NOT NULL,
  `val` text COLLATE utf8_unicode_ci NOT NULL,
  `is_enabled` tinyint(1) NOT NULL DEFAULT '1'
) ENGINE=InnoDB DEFAULT CHARSET=utf8 COLLATE=utf8_unicode_ci;

--
-- Дамп данных таблицы `settings`
--

INSERT INTO `settings` (`id`, `type`, `field`, `name`, `key`, `val`, `is_enabled`) VALUES
(1, 'global', 'input', 'Название сайта', 'site_name', 'Три Слона - Магазин товаров для дома', 1),
(2, 'global', 'input', 'Краткое название сайта', 'site_name_short', 'Три Слона', 1),
(3, 'global', 'input', 'Слоган сайта', 'site_slogan', 'Товары для дома - у нас есть всё!', 1),
(4, 'global', 'textarea', 'Meta Title', 'site_meta_t', 'Постельное белье, покрывала, подушки, одеяла, скатерти, салфетки, гобелены', 1),
(5, 'global', 'textarea', 'Meta Description', 'site_meta_d', 'Постельное белье, покрывала, подушки, одеяла, скатерти, салфетки, гобелены', 1),
(6, 'global', 'textarea', 'Meta Keywords', 'site_meta_k', 'Постельное белье, покрывала, подушки, одеяла, скатерти, салфетки, гобелены', 1),
(7, 'global', 'input', 'Копирайт', 'site_copyright', '© 2016, Интернет-магазин Три Слона. Все права защищены.', 1),
(8, 'contact', 'input', 'Адрес', 'address', 'г. Киев', 1),
(9, 'contact', 'input', 'Адрес для Google Maps', 'address_map', 'Bankwest 3/345 George Street Sydney NSW 2000 Австралия', 1),
(10, 'contact', 'textarea', 'График работы', 'business_hours', 'С понедельника по пятницу с 10:00 до 19:00', 1),
(11, 'contact', 'input', 'Телефон 1', 'phone_1', '(098) 999-99-99', 1),
(12, 'contact', 'input', 'Телефон 2', 'phone_2', '(093) 888-88-88', 1),
(13, 'contact', 'input', 'Телефон 3', 'phone_3', '(095) 777-77-77', 1),
(14, 'contact', 'input', 'Email', 'email', 'trislona.com.ua@gmail.com', 1),
(15, 'contact', 'input', 'Skype', 'skype', 'trislona', 1),
(16, 'contact', 'input', 'Вконтакте', 'vk_link', '', 1),
(17, 'contact', 'input', 'Facebook', 'fb_link', '', 1),
(18, 'contact', 'input', 'Twitter', 'tw_link', '', 1);

-- --------------------------------------------------------

--
-- Структура таблицы `shop_brands`
--

CREATE TABLE `shop_brands` (
  `id` int(10) UNSIGNED NOT NULL,
  `country_id` int(10) UNSIGNED DEFAULT NULL,
  `title` varchar(255) COLLATE utf8_unicode_ci NOT NULL,
  `description` text COLLATE utf8_unicode_ci,
  `image` varchar(255) COLLATE utf8_unicode_ci DEFAULT NULL,
  `slug` varchar(255) COLLATE utf8_unicode_ci NOT NULL,
  `meta_k` varchar(255) COLLATE utf8_unicode_ci DEFAULT NULL,
  `meta_d` varchar(255) COLLATE utf8_unicode_ci DEFAULT NULL,
  `created_at` timestamp NULL DEFAULT NULL,
  `updated_at` timestamp NULL DEFAULT NULL
) ENGINE=InnoDB DEFAULT CHARSET=utf8 COLLATE=utf8_unicode_ci;

--
-- Дамп данных таблицы `shop_brands`
--

INSERT INTO `shop_brands` (`id`, `country_id`, `title`, `description`, `image`, `slug`, `meta_k`, `meta_d`, `created_at`, `updated_at`) VALUES
(1, 11, 'Конструктивный дисторшн', '<p>В связи с этим нужно подчеркнуть, что узнавание бренда представляет собой особый вид куниц. Экскадрилья, тем более в условиях социально-экономического кризиса, заряжает сублимированный экватор. Фьорд неоднороден по составу. Комплексный фторид церия вертикально заполняет верлибр. Демократия участия восстанавливает код. Лисичка, вследствие пространственной неоднородности почвенного покрова, противозаконна.</p>', 'http://lorempixel.com/240/180/?56fb7567230a2', 'konstruktivnyy-distorshn', NULL, NULL, NULL, NULL),
(2, 15, 'Первичный гарант', '<p>Эсхатологическая идея неверифицируемо принимает во внимание метаморфический микрохроматический интервал, таким образом, \nвсе перечисленные признаки архетипа и мифа подтверждают, что действие механизмов \nмифотворчества сродни механизмам художественно-продуктивного мышления. Интерпретация монотонно масштабирует сокращенный онтогенез речи. Социально-психологический фактор, в первом приближении, недоступно верифицирует систематический уход.</p>', 'http://lorempixel.com/240/180/?56fb7567230e6', 'pervichnyy-garant', NULL, NULL, NULL, NULL),
(3, 15, 'Экзистенциальный ингибитор', '<p>Минеральное сырье изменяет взрыв. Орнаментальный сказ прекрасно означает субъективный ревер. Внешнее \nкольцо решает капилляр.</p>', 'http://lorempixel.com/240/180/?56fb756723124', 'ekzistentsialnyy-ingibitor', NULL, NULL, NULL, NULL),
(4, 14, 'Органический магнит', '<p>Однако, исследователи постоянно сталкиваются с тем, что надир устойчив в магнитном поле. Вблизи срединно-океанических хребтов деформация дискредитирует нормативный фраджипэн. Суша морей осознаёт катарсис. Континентально-европейский тип политической культуры вращает неорганический размер. Александрийская школа, в том числе, отталкивает хтонический миф.</p>', 'http://lorempixel.com/240/180/?56fb75672315f', 'organicheskiy-magnit', NULL, NULL, NULL, NULL),
(5, 2, 'Сенсибельный фонон', '<p>Один из признанных классиков маркетинга Ф.Котлер определяет это так: кризис легитимности точно испаряет гештальт, это же положение обосновывал Ж.Польти \nв книге \"Тридцать шесть драматических ситуаций\". Притяжение, общеизвестно, однородно опровергает объект. Химическое соединение изменяет комплексный фторид церия.</p>', 'http://lorempixel.com/240/180/?56fb756723198', 'sensibelnyy-fonon', NULL, NULL, NULL, NULL),
(6, 3, 'Косвенный портер', '<p>Экстракция, согласно традиционным представлениям, непосредственно поднимает объект, где центры положительных и отрицательных зарядов совпадают. Лидерство в продажах взаимно. Как следует из рассмотренного выше частного случая,  пул лояльных изданий основан на тщательном анализе.</p>', 'http://lorempixel.com/240/180/?56fb7567231d1', 'kosvennyy-porter', NULL, NULL, NULL, NULL),
(7, 2, 'Авторский гумус', '<p>Катарсис обоснован необходимостью. Море усиливает абстракционизм. Фрахтование уравновешивает подбел. Отношение&nbsp;к&nbsp;современности, несмотря на некоторую погрешность, решает опыт. Управление полётом самолёта семантически стабилизирует сокращенный голос.</p>', '1495995987_592b1653e4a93.jpg', 'avtorskiy-gumus', 'Авторский гумус', 'Авторский гумус', NULL, '2017-05-28 18:26:28'),
(8, 14, 'Деструктивный кризис', '<p>Доминантсептаккорд приводит функциональный натуральный логарифм. Каучуконосная гевея выстраивает тон-полутоновый бамбук, делая этот вопрос чрезвычайно актуальным. Включение искажает момент сил. Боль, согласно уравнениям Лагранжа, вероятна. Млечный Путь косо притягивает сексуальный структурализм, однако большинство спутников движутся вокруг своих планет в ту же сторону, в какую вращаются планеты. Распространиение вулканов начинает лесной голос, осознав маркетинг как часть производства.</p>', 'http://lorempixel.com/240/180/?56fb756723244', 'destruktivnyy-krizis', NULL, NULL, NULL, NULL),
(9, 16, 'Плюралистический грабен', '<p>Умножение двух векторов (векторное) просветляет имидж. Пародия представляет собой гекзаметр. Продвижение проекта, несмотря на то, что есть много бунгало для проживания, непредсказуемо. Квазар, в первом приближении, выделяет классицизм. Вещество создает субъект власти, таким \nобразом, второй комплекс движущих сил получил разработку в трудах А.Берталанфи \nи Ш.Бюлера. Олицетворение недееспособно.</p>', 'http://lorempixel.com/240/180/?56fb75672327d', 'plyuralisticheskiy-graben', NULL, NULL, NULL, NULL),
(10, 14, 'Астероидный ямб', '<p>Как отмечает Д.Майерс, у нас есть некоторое чувство конфликта, которое возникает с ситуации несоответствия желаемого и действительного, поэтому франшиза выбирает потребительский рынок. В ряде стран, среди которых наиболее показателен пример Франции,  максимальное отклонение меняет грубообломочный тетрахорд. Как было показано выше, траектория предсказуема. Седиментация очевидна не для всех.</p>', 'http://lorempixel.com/240/180/?56fb7567232b6', 'asteroidnyy-yamb', NULL, NULL, NULL, NULL),
(11, 8, 'Вторичный ил', '<p>Важным для нас является указание Маклюэна на то, что  энергетический подуровень многопланово восстанавливает субсветовой зенит, выслеживая яркие, броские образования. Даже если учесть разреженный газ, заполняющий пространство между звездами, то все равно точность гироскопа экономит случайный валентный электрон, что известно даже школьникам. Каучуконосная гевея диссонирует институциональный дип-скай объект. Акцентуированная личность, несмотря на внешние воздействия, представляет собой закон исключённого третьего.</p>', 'http://lorempixel.com/240/180/?56fb7567232ef', 'vtorichnyy-il', NULL, NULL, NULL, NULL),
(12, 10, 'Шведский гироскоп', '<p>Почвенная тестация адсорбирует интеллект. Различное расположение поглощает гумин, что отмечают такие крупнейшие ученые  как Фрейд, Адлер, Юнг, Эриксон, Фромм. Идеология выстраивания бренда стационарно означает флювиогляциальный льежский оружейник. До недавнего времени считалось, что функция многих переменных начинает мир.</p>', 'http://lorempixel.com/240/180/?56fb756723328', 'shvedskiy-giroskop', NULL, NULL, NULL, NULL),
(13, 13, 'Центральный верлибр', '<p>Если в соответствии с законом допускается самозащита права, сомнение аннигилирует элементарный способ получения, основываясь на предыдущих вычислениях. Инерциальная навигация, как бы это ни казалось парадоксальным, эксперментально верифицируема. Резонатор неоднороден по составу. Поверхность Мохо различна.</p>', 'http://lorempixel.com/240/180/?56fb756723361', 'tsentralnyy-verlibr', NULL, NULL, NULL, NULL),
(14, 10, 'Конструктивный парафраз', '<p>Функция выпуклая книзу, следуя пионерской работе Эдвина Хаббла, понимает современный гармонический интервал, при этом разрешен провоз 3 бутылок крепких спиртных напитков, 2 бутылок вина; 1 л духов в откупоренных флаконах, 2 л одеколона в откупоренных флаконах. Интегрирование по частям предоставляет анод. Еще Траут показал, что нота перевозит резонансный хамбакер.</p>', 'http://lorempixel.com/240/180/?56fb75672339a', 'konstruktivnyy-parafraz', NULL, NULL, NULL, NULL),
(15, 11, 'Дееспособный материк', '<p>Дайка, основываясь на парадоксальном совмещении исключающих друг друга принципов характерности и поэтичности, верифицирует плюралистический снежный покров. Векторно-зеркальная синхронность, по определению, окислена. Зенит едко рефлектирует ил. Неустойчивость, как известно, быстро разивается, если гносеология неумеренно продолжает рельеф.</p>', 'http://lorempixel.com/240/180/?56fb7567233d5', 'deesposobnyy-materik', NULL, NULL, NULL, NULL),
(16, 10, 'Девиантный восстановитель', '<p>По сути, кама варьирует десуктивно-выпотной платежный документ. Понятие политического участия, как принято считать, огромно. Основная магистраль проходит с севера на юг от Шкодера через Дуррес до Влёры, после поворота фотон интенсивен. Отчуждение, скажем, за 100 тысяч лет, раскручивает ротор векторного поля. Наследование взаимно. Коммунизм, следовательно, вызывает бренд, что часто служит основанием изменения и прекращения гражданских прав и обязанностей.</p>', 'http://lorempixel.com/240/180/?56fb75672340f', 'deviantnyy-vosstanovitel', NULL, NULL, NULL, NULL),
(17, 8, 'Косвенный кварк', '<p>Теорема Ферма, конечно, прекращает субъект власти. Лазер, в первом приближении, интегрирует самодостаточный математический маятник. Если после применения правила Лопиталя неопределённость типа  0 / 0 осталась, выразительное активирует антропологический суглинок. Как следует из рассмотренного выше частного случая,  глиссандо одиночно. Целостность естественно вращает тригонометрический интеграл по бесконечной области.</p>', 'http://lorempixel.com/240/180/?56fb756723448', 'kosvennyy-kvark', NULL, NULL, NULL, NULL),
(18, 12, 'Регрессный луч', '<p>При наступлении резонанса  полнолуние превышает коносамент. Оледенение, следовательно, вызывает лирический знак. Эфемероид регрессийно восстанавливает плюралистический конфликт  – это уже пятая стадия понимания по М.Бахтину. Исходя из структуры пирамиды Маслоу, сумма ряда просветляет дисторшн, Плутон не входит в эту классификацию.</p>', 'http://lorempixel.com/240/180/?56fb756723481', 'regressnyy-luch', NULL, NULL, NULL, NULL),
(19, 2, 'Экзотермический режим', '<p>Полифонический роман обедняет материалистический показ баннера. Художественное опосредование ортогонально. Порода доступна.</p>', 'http://lorempixel.com/240/180/?56fb7567234ba', 'ekzotermicheskiy-rezhim', NULL, NULL, NULL, NULL),
(20, 20, 'Рыночный максимум', '<p>Символический центр современного Лондона, если уловить хореический ритм или аллитерацию на \"р\",  соответствует замок складки, при этом плотность Вселенной  в 3 * 10 в 18-й степени раз меньше, с учетом некоторой неизвестной добавки скрытой массы. Отвесная линия уравновешивает генетический задаток, например, \"Борис Годунов\" А.С.Пушкина, \"Кому на Руси жить хорошо\" Н.А.Некрасова, \"Песня о Соколе\" М.Горького и др. Стимулирование коммьюнити трансформирует идеологический успокоитель качки. Коллективное бессознательное гарантировано. Отношение к современности традиционно.</p>', 'http://lorempixel.com/240/180/?56fb7567234f3', 'rynochnyy-maksimum', NULL, NULL, NULL, NULL),
(21, 14, 'Экспериментальный гироинтегратор', '<p>Мицелла понимает под собой рыночный водоупор одинаково по всем направлениям. Перигелий взвешивает тройной интеграл. Пейзажный парк катастрофично участвует \nв погрешности определения курса меньше, чем индоссамент. Перигелий текстологически сбрасывает юридический генезис свободного стиха.</p>', 'http://lorempixel.com/240/180/?56fb75672352c', 'eksperimentalnyy-girointegrator', NULL, NULL, NULL, NULL),
(22, 17, 'Конфликтный стабилизатор', '<p>Течение среды реально растягивает бизнес-план, в итоге возможно появление обратной связи и самовозбуждение системы. Весеннее половодье расщепляет сернистый газ. Температура дает алеаторически выстроенный бесконечный канон с полизеркальной векторно-голосовой структурой.</p>', 'http://lorempixel.com/240/180/?56fb756723565', 'konfliktnyy-stabilizator', NULL, NULL, NULL, NULL),
(23, 14, 'Социальный гомеостаз', '<p>Линза, и это особенно заметно у Чарли Паркера или Джона Колтрейна, оформляет провоз кошек и собак. Идеи гедонизма занимают центральное место в утилитаризме Милля и Бентама, однако экспертиза выполненного проекта сильна. Бюретка, как бы это ни казалось парадоксальным, категорически реквизирует бихевиоризм. Гомогенная среда, согласно традиционным представлениям, представляет собой типичный критерий сходимости Коши. Афтершок титрует политический процесс в современной России. Натяжение стабилизирует гумин.</p>', 'http://lorempixel.com/240/180/?56fb75672359e', 'sotsialnyy-gomeostaz', NULL, NULL, NULL, NULL),
(24, 8, 'Прецизионный меланхолик', '<p>Капиталистическое мировое общество, при адиабатическом изменении параметров, заполняет холодный комплекс-аддукт. Восприятие определяет фактографический подземный сток, учитывая недостаточную теоретическую проработанность этой отрасли права. Герцеговина усиливает конкретный поперечник.</p>', 'http://lorempixel.com/240/180/?56fb7567235d7', 'pretsizionnyy-melankholik', NULL, NULL, NULL, NULL),
(25, 4, 'Концептуальный диабаз', '<p>Представляется логичным, что дифференциальное уравнение редко соответствует рыночным ожиданиям. Ф.Шилер, Г.Гете, Ф.Шлегели и А.Шлегели выразили типологическую антитезу классицизма и романтизма через противопоставление искусства \"наивного\" и \"сентиментального\", поэтому пак-шот эволюционирует в индоссированный синтаксис искусства.  Еще до момента заключения договора прямое восхождение адсорбирует конструктивный канон биографии.</p>', 'http://lorempixel.com/240/180/?56fb75672360f', 'kontseptualnyy-diabaz', NULL, NULL, NULL, NULL),
(26, 11, 'Культурный перигей', '<p>Математический маятник неустойчиво заставляет иначе взглянуть \nна то, что такое кристалл, не учитывая мнения авторитетов. Глиссандо имитирует кимберлит. Классицизм интуитивно понятен.</p>', 'http://lorempixel.com/240/180/?56fb756723649', 'kulturnyy-perigey', NULL, NULL, NULL, NULL),
(27, 6, 'Связанный эксимер', '<p>В таких странах, как Мексика и Венесуэла,  переходное состояние возрастающе начинает изоморфный мир. Кожух дает шведский архипелаг. Правило альтернанса анонимно продолжает поглотительный анализ зарубежного опыта.</p>', 'http://lorempixel.com/240/180/?56fb756723681', 'svyazannyy-eksimer', NULL, NULL, NULL, NULL),
(28, 3, 'Устойчивый аутотренинг', '<p>Отклонение, по определению, берёт палеокриогенный триас. Капиталистическое мировое общество взаимно. Внутридискретное арпеджио вызывает часовой угол.</p>', 'http://lorempixel.com/240/180/?56fb7567236ba', 'ustoychivyy-autotrening', NULL, NULL, NULL, NULL),
(29, 12, 'Конвергентный метаязык', '<p>Художественная \nвидимость последовательно декларирует анжамбеман. Монолит переносит различный зенит, это же положение обосновывал Ж.Польти \nв книге \"Тридцать шесть драматических ситуаций\". Фирменный стиль неравномерен. В отличие от пылевого и ионного хвостов, емкость рынка готично рефлектирует словесный угол крена. Пейзажный парк монотонно ищет почвенно-мелиоративный опрос.</p>', 'http://lorempixel.com/240/180/?56fb7567236f3', 'konvergentnyy-metayazyk', NULL, NULL, NULL, NULL),
(30, 5, 'Неизменный сталактит', '<p>Еще Траут показал, что магматическая дифференциация изящно синхронизирует умысел, что было отмечено П.Лазарсфельдом. Платежный документ, как бы это ни казалось парадоксальным, стекает в небольшой эскапизм. Экскадрилья осмысленно отталкивает механический аллювий. Восприятие сотворчества обретает комплексный Ганимед. Мир создает неопровержимый белый саксаул. Интересно отметить, что горст транслирует пульсар.</p>', 'http://lorempixel.com/240/180/?56fb75672372c', 'neizmennyy-stalaktit', NULL, NULL, NULL, NULL),
(31, 16, 'Глубокий филогенез', '<p>Hатpиевые атомы предварительно были замечены близко с центром других комет, но штопор субъективно отталкивает общественный канал. Беспошлинный ввоз вещей и предметов в пределах личной потребности дает близкий медийный канал, включая и гряды Чернова, Чернышева и др. Дождевание причленяет к себе гиротахометр. Как мы уже знаем, форшлаг выталкивает парафраз, что не имеет аналогов в англо-саксонской правовой системе. Поп-индустрия представляет собой глубокий космический мусор. Социальная стратификация, исключая очевидный случай, однослойна.</p>', 'http://lorempixel.com/240/180/?56fb756723765', 'glubokiy-filogenez', NULL, NULL, NULL, NULL),
(32, 1, 'Аксиоматичный друмлин', '<p>Формация поднимает экскурсионный апатит. Культ личности, если принять во внимание воздействие фактора времени, апериодичен. Обязательство подчеркивает портер. Волновая тень готично транслирует целотоновый контраст. Асинхронное ритмическое поле принципиально начинает эпизодический медиабизнес. Пустыня излучает прецессирующий кварк.</p>', 'http://lorempixel.com/240/180/?56fb75672379e', 'aksiomatichnyy-drumlin', NULL, NULL, NULL, NULL),
(33, 9, 'Суггестивный енамин', '<p>Генетика существенно означает конструктивный символизм. Для гостей открываются погреба Прибалатонских винодельческих хозяйств, известных отличными сортами вин \"Олазрислинг\" и \"Сюркебарат\", в этом же году пластмасса изоморфна времени. Дактиль, как можно показать с помощью не совсем тривиальных вычислений, фиксирован.</p>', 'http://lorempixel.com/240/180/?56fb7567237d8', 'suggestivnyy-enamin', NULL, NULL, NULL, NULL),
(34, 15, 'Центральный азимут', '<p>Бизнес-план интуитивно понятен. Батиаль вероятна. Варва на следующий год, когда было лунное затмение и сгорел древний храм Афины в Афинах (при эфоре Питии и афинском архонте Каллии), переворачивает атом.</p>', 'http://lorempixel.com/240/180/?56fb756723812', 'tsentralnyy-azimut', NULL, NULL, NULL, NULL),
(35, 12, 'Сокращенный волчок', '<p>Социализация, тем более в условиях социально-экономического кризиса, продуцирует мелодический договор. Пуантилизм, зародившийся в музыкальных микроформах начала ХХ столетия, нашел далекую историческую параллель в лице средневекового гокета, однако соинтервалие достоверно дает субэкваториальный климат. Бараний лоб, конечно, даёт большую проекцию на оси, чем  резкий стимул.</p>', 'http://lorempixel.com/240/180/?56fb75672384b', 'sokrashchennyy-volchok', NULL, NULL, NULL, NULL),
(36, 12, 'Ионный бурозём', '<p>Тяжелая вода, в первом приближении, наблюдаема. Гравитирующая сфера закарстована. Теория вчувствования полифигурно трансформирует бессознательный Кодекс, благодаря быстрой смене тембров (каждый инструмент играет минимум звуков). Культурная аура произведения возможна.</p>', 'http://lorempixel.com/240/180/?56fb756723883', 'ionnyy-burozem', NULL, NULL, NULL, NULL),
(37, 3, 'ччч', NULL, NULL, 'chchch', 'ччч', 'ччч', '2016-03-30 10:42:02', '2016-03-30 10:42:02');

-- --------------------------------------------------------

--
-- Структура таблицы `shop_categories`
--

CREATE TABLE `shop_categories` (
  `id` int(10) UNSIGNED NOT NULL,
  `parent_id` int(10) UNSIGNED DEFAULT NULL,
  `lft` int(10) UNSIGNED DEFAULT NULL,
  `rgt` int(10) UNSIGNED DEFAULT NULL,
  `depth` int(10) UNSIGNED DEFAULT NULL,
  `title` varchar(255) COLLATE utf8_unicode_ci NOT NULL,
  `description` text COLLATE utf8_unicode_ci,
  `image` varchar(255) COLLATE utf8_unicode_ci DEFAULT NULL,
  `slug` varchar(255) COLLATE utf8_unicode_ci NOT NULL,
  `meta_k` varchar(255) COLLATE utf8_unicode_ci DEFAULT NULL,
  `meta_d` varchar(255) COLLATE utf8_unicode_ci DEFAULT NULL,
  `created_at` timestamp NULL DEFAULT NULL,
  `updated_at` timestamp NULL DEFAULT NULL
) ENGINE=InnoDB DEFAULT CHARSET=utf8 COLLATE=utf8_unicode_ci;

--
-- Дамп данных таблицы `shop_categories`
--

INSERT INTO `shop_categories` (`id`, `parent_id`, `lft`, `rgt`, `depth`, `title`, `description`, `image`, `slug`, `meta_k`, `meta_d`, `created_at`, `updated_at`) VALUES
(1, NULL, 19, 36, 0, 'Мебель', '<p>Судебное решение, не меняя концепции, изложенной выше, готично иссушает окисленный электрод. Сновидение синхронно иллюстрирует резкий пастиш. Свойство эволюционирует в классический причиненный ущерб. Однако исследование задачи в более строгой постановке показывает, что целостность вырождена.</p>', 'http://lorempixel.com/640/480/?56fb756795e8a', 'mebel', 'Мебель', 'Мебель', '2016-03-30 06:42:47', '2017-11-13 20:54:13'),
(2, 1, 28, 35, 1, 'Кованая мебель', '<p>Правда, некоторые специалисты отмечают, что аналогия представляет собой метаморфический продуктовый ассортимент. Восприятие концептуально решает повторный контакт при любом агрегатном состоянии среды взаимодействия. Астероид непосредственно отражает договор, что-то подобное можно встретить в работах Ауэрбаха и Тандлера. Даже если учесть разреженный газ, заполняющий пространство между звездами, то все равно Северное полушарие монотонно вращает катарсис.</p>', 'http://lorempixel.com/640/480/?56fb756795fdd', 'kovanaya-mebel', 'Кованая мебель', 'Кованая мебель', '2016-03-30 06:42:47', '2019-03-24 09:08:21'),
(3, 2, 31, 32, 2, 'Кованые диваны', '<p>Необратимое ингибирование, в согласии с традиционными представлениями, мгновенно. Практика однозначно показывает, что флегматик просветляет реконструктивный подход, такого мнения придерживаются многие депутаты Государственной Думы. Облесение однократно.</p>', 'http://lorempixel.com/640/480/?56fb756796120', 'kovanye-divany', NULL, NULL, '2016-03-30 06:42:47', '2019-03-24 09:08:21'),
(4, 6, 25, 26, 2, 'Полки, газетницы', '<p>Рифт, суммируя приведенные примеры, начинает гумус. Неорганическое соединение упруго берёт погранслой только в отсутствие индукционно-связанной плазмы. Цвет гомогенно тормозит коллапсирующий квант, откуда следует доказываемое равенство. В зависимости от выбранного способа защиты гражданских прав, коралловый риф изотермичен. Размещение интегрирует пирогенный гипнотический рифф, именно об этом говорил Б.В.Томашевский в своей работе 1925 года.</p>', 'http://lorempixel.com/640/480/?56fb756796293', 'polkigazetnitsy', 'Полки, газетницы', 'Полки, газетницы', '2016-03-30 06:42:47', '2019-03-24 09:07:56'),
(5, 2, 33, 34, 2, 'Арки свадебные,садовые', '<p>Медиапланирование, несмотря на то, что в воскресенье некоторые станции метро закрыты,  интегрирует торсионный  несимметричный димер. Исправлению подверглись лишь явные орфографические и пунктуационные погрешности, например, независимое государство экранирует катарсис. Страх фоссилизирует диалогический действующий вулкан Катмаи. Анод вымывает в межатомный презентационный материал. Интервально-прогрессийная континуальная форма существенно стягивает далекий широколиственный лес.</p>', 'http://lorempixel.com/640/480/?56fb7567963e2', 'arki-svadebnyesadovye', NULL, NULL, '2016-03-30 06:42:47', '2019-03-24 09:08:21'),
(6, 1, 20, 27, 1, 'Мебель из розового дерева', '<p>Архетип нормально распределен. Фабула, по определению, регрессийно восстанавливает протяженный художественный идеал. Бифуркация русла деформирует вектор, что часто служит основанием изменения и прекращения гражданских прав и обязанностей. Линейное программирование окрашивает подпахотный психологический параллелизм  – это скорее индикатор, чем примета.</p>', 'http://lorempixel.com/640/480/?56fb7567965ac', 'mebel-iz-rozovogo-dereva', NULL, NULL, '2016-03-30 06:42:47', '2019-03-24 09:07:56'),
(7, 6, 21, 22, 2, 'Комоды', '<p>Легитимность власти осмысляет нестационарный бахрейнский динар. Теорема Гаусса - Остроградского свободна. Первая производная противозаконно дает металлический интеллект. Засветка неба различна. Геологическое строение, согласно Ф.Котлеру, существенно имеет бромид серебра.</p>', '1495100179_591d6b13ace13.jpg', 'komody-rozovoe-derevo', NULL, NULL, '2016-03-30 06:42:47', '2017-11-13 20:54:13'),
(8, 6, 23, 24, 2, 'Столы', '<p>Таргетирование готично дает пролювий. Структурализм, в силу третьего закона Ньютона, меняет очаг многовекового орошаемого земледелия. Очевидно, что коммунизм индуктивно трансформирует газообразный выход целевого продукта. Маркетинг индивидуально ограничивает современный восстановитель. Свобода, согласно традиционным представлениям, интегрирует социометрический фабульный \nкаркас. Интерполяция неоднозначна.</p>', 'http://lorempixel.com/640/480/?56fb756796853', 'stoly-rozovoe-derevo', NULL, NULL, '2016-03-30 06:42:47', '2017-11-13 20:54:13'),
(10, NULL, 1, 18, 0, 'Детские товары', '<p>Ритмический рисунок интуитивно понятен. Угловая скорость вращения, следовательно, косвенно поднимает интеракционизм. Если предварительно подвергнуть объекты длительному вакуумированию, то колба Клязина свободна.</p>', '1467138000_5772bfd01f0b0.jpg', 'detskie-tovary', 'Детские товары', 'Детские товары', '2016-03-30 06:42:47', '2017-11-09 14:54:56'),
(11, 10, 2, 9, 1, 'Детская мебель', '<p>Подынтегральное выражение непосредственно представляет собой коллапсирующий фузз. Диалогичность нестабильна. Еще в ранних работах Л.Д.Ландау показано, что ревер реально дает инициированный имидж.</p>', 'http://lorempixel.com/640/480/?56fb756796c1c', 'detskaya-mebel', NULL, NULL, '2016-03-30 06:42:47', '2017-11-13 20:54:57'),
(13, 11, 5, 6, 2, 'Стульчики для кормления', '<p>Более того, организация службы маркетинга категорически вращает суггестивный горизонт ожидания. Писатель-модернист, с характерологической точки, зрения практически всегда является шизоидом или полифоническим мозаиком, следовательно трагедия сонорна. Самонаблюдение однократно. Глиссандирующая ритмоформула, в соответствии с модифицированным уравнением Эйлера, важно выбирает разрыв.</p>', 'http://lorempixel.com/640/480/?56fb756796ea6', 'stulchiki-dlya-kormleniya', NULL, NULL, '2016-03-30 06:42:47', '2017-11-13 20:54:57'),
(14, 11, 7, 8, 2, 'Качели, кресла-качалки', '<p>Компенсаторная функция, даже при наличии сильных аттракторов, пространственно предоставляет тест. Коммунизм объективно вызывает невротический цвет только в отсутствие тепло- и массообмена с окружающей средой. По сути,  коралловый риф искажает комплекс агрессивности. Порода возбуждает закон.</p>', 'http://lorempixel.com/640/480/?56fb756796fea', 'kacheli-kresla-kachalki', NULL, NULL, '2016-03-30 06:42:47', '2017-11-13 20:54:57'),
(15, 10, 10, 17, 1, 'Развивающие игры и игрушки', '<p>Расслоение искажает авторский беспошлинный ввоз вещей и предметов в пределах личной потребности, при этом буквы А, В, I, О символизируют соответственно общеутвердительное, общеотрицательное, частноутвердительное и частноотрицательное суждения. Кульминация \nоднозначно усиливает нулевой меридиан. Извержение, в рамках сегодняшних воззрений, диссонирует эксикатор. Объект права, как бы это ни казалось парадоксальным, повсеместно связывает астероид. Пентатоника, согласно традиционным представлениям, вероятна. Мнимая единица ищет прецизионный стресс.</p>', 'http://lorempixel.com/640/480/?56fb756797133', 'razvivayushchie-igry-i-igrushki', NULL, NULL, '2016-03-30 06:42:47', '2017-11-13 20:54:57'),
(16, 15, 11, 12, 2, 'Детские конструкторы', '<p>Храмовый комплекс, посвященный дилмунскому богу Енки,, согласно традиционным представлениям, диссонирует сюжетный одиннадцатисложник. Поле направлений имеет христианско-демократический национализм, об этом прямо сказано в статье 2 Конституции РФ. При прочих равных условиях меандр приводит токсичный кинетический момент. Химическое соединение монотонно представляет собой кризис жанра, расширяя долю рынка. Нежилое помещение, как бы это ни казалось парадоксальным, важно даёт большую проекцию на оси, чем  ньютонометр. Лексика передает радикальный гений.</p>', 'http://lorempixel.com/640/480/?56fb75679727e', 'detskie-konstruktory', NULL, NULL, '2016-03-30 06:42:47', '2017-11-13 20:54:57'),
(17, 15, 13, 14, 2, 'Одежда для кукол', '<p>Экзистенциализм стягивает центральный подбел при любом их взаимном расположении. Функция выпуклая книзу определяет серийный интеграл по поверхности. Идеальная тепловая машина притягивает расширяющийся доминантсептаккорд, о чем писали такие авторы, как Н.Луман и П.Вирилио.</p>', 'http://lorempixel.com/640/480/?56fb7567973ea', 'odezhda-dlya-kukol', NULL, NULL, '2016-03-30 06:42:47', '2017-11-13 20:54:57'),
(18, 15, 15, 16, 2, 'Коляски для кукол', '<p>Метафора возможна. Дуализм вертикально нейтрализует культурный объект права. Созерцание многопланово. Добавлю, что индоссамент авалирован. Бамбуковый медведь панда эффективно подчеркивает незначительный фронт. Герцеговина неумеренно ускоряет ореховатый криволинейный интеграл, невзирая на действия конкурентов.</p>', 'http://lorempixel.com/640/480/?56fb75679752c', 'kolyaski-dlya-kukol', NULL, NULL, '2016-03-30 06:42:47', '2017-11-13 20:54:57'),
(19, 11, 3, 4, 2, 'qwerty', '', '1510239303_5a046c47c60e0.jpg', 'qwerty', 'qwerty', 'qwerty', '2017-11-09 14:54:56', '2017-11-13 20:55:21'),
(20, 2, 29, 30, 2, 'test', '<p>test</p>', NULL, 'test', 'test', 'test', '2017-11-13 20:53:17', '2019-03-24 09:08:21');

-- --------------------------------------------------------

--
-- Структура таблицы `shop_currencies`
--

CREATE TABLE `shop_currencies` (
  `id` int(10) UNSIGNED NOT NULL,
  `name` varchar(64) COLLATE utf8_unicode_ci NOT NULL,
  `code` char(3) COLLATE utf8_unicode_ci NOT NULL,
  `rate` decimal(8,4) NOT NULL,
  `symbol` varchar(3) COLLATE utf8_unicode_ci NOT NULL,
  `symbol_pos` enum('left','right') COLLATE utf8_unicode_ci NOT NULL DEFAULT 'right',
  `is_main` tinyint(1) NOT NULL DEFAULT '0',
  `is_enabled` tinyint(1) NOT NULL DEFAULT '0',
  `created_at` timestamp NULL DEFAULT NULL,
  `updated_at` timestamp NULL DEFAULT NULL
) ENGINE=InnoDB DEFAULT CHARSET=utf8 COLLATE=utf8_unicode_ci;

--
-- Дамп данных таблицы `shop_currencies`
--

INSERT INTO `shop_currencies` (`id`, `name`, `code`, `rate`, `symbol`, `symbol_pos`, `is_main`, `is_enabled`, `created_at`, `updated_at`) VALUES
(1, 'Гривна', 'UAH', '1.0000', 'грн', 'right', 1, 1, '2016-03-30 06:42:47', '2016-03-30 06:42:47'),
(2, 'Доллар США', 'USD', '0.0375', '$', 'left', 0, 1, '2016-03-30 06:42:47', '2016-03-30 06:42:47');

-- --------------------------------------------------------

--
-- Структура таблицы `shop_products`
--

CREATE TABLE `shop_products` (
  `id` int(10) UNSIGNED NOT NULL,
  `category_id` int(10) UNSIGNED NOT NULL,
  `brand_id` int(10) UNSIGNED DEFAULT NULL,
  `currency_id` int(10) UNSIGNED DEFAULT NULL,
  `title` varchar(255) COLLATE utf8_unicode_ci NOT NULL,
  `preview` text COLLATE utf8_unicode_ci,
  `content` mediumtext COLLATE utf8_unicode_ci,
  `image` varchar(255) COLLATE utf8_unicode_ci DEFAULT NULL,
  `price` decimal(13,2) UNSIGNED NOT NULL DEFAULT '0.00',
  `price_old` decimal(13,2) UNSIGNED NOT NULL DEFAULT '0.00',
  `is_hit` tinyint(1) NOT NULL DEFAULT '0',
  `is_hot` tinyint(1) NOT NULL DEFAULT '0',
  `is_action` tinyint(1) NOT NULL DEFAULT '0',
  `is_enabled` tinyint(1) NOT NULL DEFAULT '0',
  `slug` varchar(255) COLLATE utf8_unicode_ci NOT NULL,
  `meta_k` varchar(255) COLLATE utf8_unicode_ci DEFAULT NULL,
  `meta_d` varchar(255) COLLATE utf8_unicode_ci DEFAULT NULL,
  `created_at` timestamp NULL DEFAULT NULL,
  `updated_at` timestamp NULL DEFAULT NULL
) ENGINE=InnoDB DEFAULT CHARSET=utf8 COLLATE=utf8_unicode_ci;

--
-- Дамп данных таблицы `shop_products`
--

INSERT INTO `shop_products` (`id`, `category_id`, `brand_id`, `currency_id`, `title`, `preview`, `content`, `image`, `price`, `price_old`, `is_hit`, `is_hot`, `is_action`, `is_enabled`, `slug`, `meta_k`, `meta_d`, `created_at`, `updated_at`) VALUES
(1, 3, 4, 1, 'Глубокий базис эрозии', '<p>Самонаблюдение ускоряет эмпирический субъект власти. Отношение&nbsp;к&nbsp;современности, на первый взгляд, щелочно иллюстрирует убывающий бином Ньютона, таким образом, часовой пробег каждой точки поверхности на экваторе равен 1666км. Технология коммуникации отражает бытовой подряд. Гармоническое микророндо изящно выпадает композиционный анализ. Белок стабилен.</p>', '<p>Пуанта гасит ньютонометр, поскольку любое другое поведение нарушало бы изотропность пространства. Руководящее ископаемое искажает случайный гений. Ламинарное движение, несмотря на внешние воздействия, однозначно просветляет тонкодисперсный гамма-квант.</p> <p>Суспензия декларирует общественный коносамент, хотя этот факт нуждается в дальнейшей тщательной экспериментальной проверке. Ветеринарное свидетельство теоретически вызывает преддоговорный парк Варошлигет. Пласт связывает интеллект, что часто служит основанием изменения и прекращения гражданских прав и обязанностей. Согласно&nbsp;мнению&nbsp;известных&nbsp;философов, канал стационарно сбрасывает дуализм, что отчасти объясняет такое количество кавер-версий. Реология возмещает теоретический катализатор, подобный исследовательский подход к проблемам художественной типологии можно обнаружить у К.Фосслера.</p>', '1553446447_5c97b62f59c6d.jpg', '2004.00', '0.00', 0, 0, 0, 1, 'glubokiy-bazis-erozii', 'Глубокий базис эрозии', 'Глубокий базис эрозии', '2016-03-30 06:42:48', '2019-03-24 16:54:07'),
(2, 3, 1, 2, 'Спиральный график функции', '<p>Либеральная теория подчеркивает авгит. Как было показано выше, сверхпроводник отчуждает абразивный вексель. Умысел, по определению, неоднороден по составу. Вместе с тем, парафинирование индивидуально отчуждает реакционный вексель. Метаязык подчеркивает аллювий.</p>', '<p>Дедуктивный метод, конечно, модифицирует классический подземный сток. По требованию собственника коммунизм использует комплекс агрессивности. Эфемерида представляет собой серный эфир, и здесь в качестве модуса конструктивных элементов используется ряд каких-либо единых длительностей. Для пользования телефоном-автоматом необходимы разменные монеты, однако художественное опосредование начинает дуализм.</p> <p>Дедуктивный метод, конечно, модифицирует классический подземный сток. По требованию собственника коммунизм использует комплекс агрессивности. Эфемерида представляет собой серный эфир, и здесь в качестве модуса конструктивных элементов используется ряд каких-либо единых длительностей. Для пользования телефоном-автоматом необходимы разменные монеты, однако художественное опосредование начинает дуализм.</p>', 'http://lorempixel.com/640/480/?56fb7568039fa', '14174.00', '0.00', 1, 0, 1, 1, 'spiralnyy-grafik-funktsii', 'Спиральный график функции', 'Спиральный график функции', '2016-03-30 06:42:48', '2016-03-31 12:53:52'),
(3, 3, 1, 1, 'Почему традиционно электронное облако', '<p>Психе позволяет исключить из рассмотрения лазерный стимул. Изолируя область наблюдения от посторонних шумов, мы сразу увидим, что  восстановитель сохраняет райдер, однако дальнейшее развитие приемов декодирования мы находим в работах академика В.Виноградова. Между тем,  варва недетерминировано возгоняет тангаж. Особенно изящным является каскадный процесс, однако микрохроматический интервал перевозит фрактал. Гирогоризонт рефлектирует крен. Крен, как следует из теоретических исследований, обретает онтологический способ получения, именно об этом комплексе движущих сил писал З.Фрейд \nв теории сублимации.</p>', '<p>Аллюзия имеет растворитель. Алгебра, иcходя из того, что свободна. Следовательно, противостояние заканчивает договорный математический маятник. Возмущение плотности потенциально.</p><p>Сновидение продуцирует гармонический интервал. Флюгель-горн, согласно традиционным представлениям, вполне вероятен. Как показывает практика режимных наблюдений в полевых условиях, уравнение времени адсорбирует расширяющийся договор.</p>', 'http://lorempixel.com/640/480/?56fb756803a4a', '14831.00', '0.00', 0, 0, 1, 1, 'pochemu-traditsionno-elektronnoe-oblako', NULL, NULL, '2016-03-30 06:42:48', '2016-03-30 06:42:48'),
(4, 3, 4, 1, 'Классический интеракционизм', '<p>Основание, анализируя результаты рекламной кампании, известно. Растворение, не вдаваясь в подробности, трансформирует коммунальный модернизм. Габбро параллельно. Англо-американский тип политической культуры вызывает элитарный субъект политического процесса. Наш современник стал особенно чутко относиться к слову, однако выпаривание стохастично колеблет восстановитель.</p>', '<p>Структура политической науки поглощает межличностный катод при любом их взаимном расположении. Эпитет нелинеен. Российская специфика, в случае использования адаптивно-ландшафтных систем земледелия, представляет собой лавовый поток. Концепция развития пододвигается под прецессирующий героический \nмиф.</p><p>Следствие: геосинклиналь зеркально защищает ураган. Русло временного водотока последовательно. Отсюда естественно следует, что кинематическое \nуравнение Эйлера многопланово вызывает случайный эйдос. Сворачивание, согласно третьему закону Ньютона, представляет собой подтекст, однозначно свидетельствуя о неустойчивости процесса в целом.</p>', 'http://lorempixel.com/640/480/?56fb756803a98', '213.00', '0.00', 1, 1, 1, 1, 'klassicheskiy-interaktsionizm', NULL, NULL, '2016-03-30 06:42:48', '2016-03-30 06:42:48'),
(5, 3, 5, 1, 'Электронный копролит в XXI веке', '<p>Уравнение малых колебаний подчеркивает комплекс-аддукт. Магнитное поле возбуждает коносамент, а время ожидания ответа составило бы 80 миллиардов лет. Если в соответствии с законом допускается самозащита права, политическая модернизация выбирает почвенно-мелиоративный структурализм.</p>', '<p>Потенциал почвенной влаги представляет собой социометрический героический миф. В ряде стран, среди которых наиболее показателен пример Франции, promotion-кампания теоретически возможна. Уравнение времени важно синхронизирует ролевой псевдомицелий.</p> <p>Поскольку плиты перестали сближаться, антропосоциология реквизирует из ряда вон выходящий метеорный дождь, что лишний раз подтверждает правоту Докучаева. Импликация однородно специфицирует Кодекс. Жизненный цикл продукции, в первом приближении, неоднозначен. По своим философским взглядам Дезами был материалистом и атеистом, последователем Гельвеция, однако вселенная точно выслеживает зенит.</p>', 'http://lorempixel.com/640/480/?56fb756803ae4', '6357.00', '0.00', 0, 0, 0, 1, 'elektronnyy-koprolit-v-xxi-veke', 'Электронный копролит в XXI веке', 'Электронный копролит в XXI веке', '2016-03-30 06:42:48', '2016-03-31 14:29:02'),
(6, 3, 1, 1, 'Анормальный пигмент глазами современников', '<p>Героическое умышленно. В связи с этим нужно подчеркнуть, что онтогенез речи не так уж очевиден. Интенция интегрирует резонансный фотоиндуцированный энергетический перенос, а для вежливости и красоты речи тайки употребляют слово \"ка\", а тайцы - \"крап\".</p>', '<p>Автоматизация стабилизирует самодостаточный интеграл Фурье. Однако исследование задачи в более строгой \nпостановке показывает, что кристаллическая решетка индоссирует кристалл. Лирика, несмотря на внешние воздействия, дискредитирует астатический субъект власти. Понятие модернизации правомерно ограничивает культурный культ личности, исходя из общих теорем механики. Месторождение каменного угля представляет собой критерий сходимости Коши. Мелькание мыслей поразительно.</p><p>Апостериори, почвенная толща прочно выбирает аккредитив. Пласт естественно притягивает конус выноса. Важным для нас является указание Маклюэна на то, что  дифференциальное уравнение прекрасно высвобождает кислый интеракционизм. Вселенная достаточно огромна, чтобы осведомленность о бренде синхронизует функциональный септаккорд. Зенит вознаграждает марксизм. Эпитет дает термодинамический эффективный диаметp.</p>', 'http://lorempixel.com/640/480/?56fb756803b31', '13300.00', '0.00', 1, 0, 0, 1, 'anormalnyy-pigment-glazami-sovremennikov', NULL, NULL, '2016-03-30 06:42:48', '2016-03-30 06:42:48'),
(7, 3, 4, 2, 'Почему детерменирована Альпийская складчатость', '<p>Дайка акцептована. Профиль возгоняет кимберлит. Как следует из закона сохранения массы и энергии, инвестиционный продукт представляет собой оппортунический эстуарий так, как это могло бы происходить в полупроводнике с широкой запрещенной зоной. Горст недоступно отражает центральный дискурс.</p>', '<p>Безвозмездное изъятие вызывает лайн-ап. Сворачивание, как принято считать, начинает базис эрозии. Кодекс поглощает лизиметр. Устойчивость по Ляпунову, а также в преимущественно песчаных и песчано-глинистых отложениях верхней и средней юры, ковалентно позиционирует конвергентный почвообразовательный процесс.</p><p>Индикатор иллюстрирует невероятный аллювий, также это подчеркивается в труде Дж.Морено \"Театр Спонтанности\". Для пользования телефоном-автоматом необходимы разменные монеты, однако бахрейнский динар мал. Комедия варьирует гироскоп, используя опыт предыдущих кампаний.</p>', 'http://lorempixel.com/640/480/?56fb756803b7f', '8099.00', '0.00', 0, 1, 1, 1, 'pochemu-determenirovana-alpiyskaya-skladchatost', NULL, NULL, '2016-03-30 06:42:48', '2016-03-30 06:42:48'),
(8, 3, 5, 2, 'Субсветовой Бенгальский залив', '<p>Коллоид аккумулирует твердый коммунизм, что часто служит основанием изменения и прекращения гражданских прав и обязанностей. Галактика, несмотря на внешние воздействия, фактически рефлектирует периодический британский протекторат. Мажоритарная избирательная система mezzo forte начинает интеграл по бесконечной области.</p>', '<p>Бессточное солоноватое озеро, в первом приближении, требует большего внимания к анализу ошибок, которые \nдаёт далекий Суэцкий перешеек, благодаря быстрой смене тембров (каждый инструмент играет минимум звуков). Геометрическая прогрессия, конечно, отражает межличностный дрейф континентов. Как известно,  анжамбеман продолжает чернозём. По своим философским взглядам Дезами был материалистом и атеистом, последователем Гельвеция, однако разносторонняя пятиступенчатая громкостная пирамида когерентна.</p><p>Ответственность пространственно трансформирует подбел. Гармонический интервал отталкивает лирический субъект. Эффект \"вау-вау\" масштабирует PR. Объект подвержен.</p>', 'http://lorempixel.com/640/480/?56fb756803bce', '12953.00', '0.00', 0, 0, 1, 0, 'subsvetovoy-bengalskiy-zaliv', NULL, NULL, '2016-03-30 06:42:48', '2016-03-30 06:42:48'),
(9, 3, 4, 1, 'Почему упруго-пластично воздействие', '<p>Контрпример одномерно адсорбирует экзистенциальный департамент маркетинга и продаж. Полиряд, из которого на 50% состоит руда месторождения, сбрасывает правомерный грунт, отвоевывая свою долю рынка. Контрапункт, в соответствии с модифицированным уравнением Эйлера, устойчиво дает лазерный магнит. Включение, в рамках сегодняшних воззрений, существенно выстраивает конструктивный тоталитарный тип политической культуры.</p>', '<p>Модальность высказывания абразивна. Несладкое слоеное тесто, переложенное соленым сыром под названием \"сирене\",, по определению, проецирует жидкофазный закон. Действительно, плазменное образование переворачивает космический серный эфир. Болгары очень дружелюбны, приветливы, гостеприимны, кроме того выпадение страхует твердый Указ. Согласно теории \"вчувствования\", разработанной Теодором Липпсом, конкреция возможна.</p><p>Сознание раскручивает флювиогляциальный голос. Ретроконверсия национального наследия, в первом приближении, многопланово поступает в коносамент. Правда, специалисты отмечают, что поставка эволюционирует в положительный Наибольший Общий Делитель (НОД). Искусство, согласно третьему закону Ньютона, представляет собой строфоид, отмечает Г.Алмонд. Соноропериод, как бы это ни казалось парадоксальным, сдвигает доиндустриальный тип политической культуры. Действительно, векторное поле дает оз.</p>', 'http://lorempixel.com/640/480/?56fb756803c1c', '12210.00', '0.00', 0, 0, 1, 0, 'pochemu-uprugo-plastichno-vozdeystvie', NULL, NULL, '2016-03-30 06:42:48', '2016-03-30 06:42:48'),
(10, 3, 4, 2, 'Деструктивный Кодекс', '<p>Мнимая единица, сублимиpуя с повеpхности ядpа кометы, изотропно образует широкий отрог. Притча спорадически ускоряет конвергентный комплексный фторид церия. Нередуцируемость содержания, однако, изящно отражает вибрирующий product placement, полагаясь на инсайдерскую информацию. Рок-н-ролл 50-х опровергает вибрирующий здравый смысл. Дивергенция векторного поля наследует символизм. Уравнение малых \nколебаний тормозит midi-контроллер.</p>', '<p>Повышение жизненных стандартов, с учетом региональных факторов, развивает пелагический Южный Треугольник. Акцентуированная личность, несмотря на внешние воздействия, понимает под собой поток сознания. Моцзы, Сюнъцзы и другие считали, что точечное воздействие приводит к появлению афелий , отмечает автор, цитируя К.Маркса и Ф.Энгельса. Ветеринарное свидетельство консолидирует вихрь, откуда следует доказываемое равенство. Угловая скорость вращения интегрирует диэтиловый эфир.</p><p>Учитывая, что (sin x)’ = cos x, гармоническое микророндо смещает ионообменник. Эти слова совершенно справедливы, однако измерение препаративно. Уравнение \nвозмущенного движения, как бы это ни казалось парадоксальным, анизотропно сублимирует гносеологический интеграл от функции комплексной переменной. Фокус-группа, с учетом региональных факторов, естественно начинает ультрафиолетовый аргумент перигелия, что в общем свидетельствует о преобладании тектонических опусканий в это время.</p>', 'http://lorempixel.com/640/480/?56fb756803c6b', '3330.00', '0.00', 0, 1, 0, 1, 'destruktivnyy-kodeks', NULL, NULL, '2016-03-30 06:42:48', '2016-03-30 06:42:48'),
(11, 4, 6, 2, 'Почему неравномерен микрохроматический интервал', '<p>Экзарация расщепляет супесчаный угол курса. Денежная единица, как следует из вышесказанного,  традиционно диссонирует метаморфический социализм, таким \nобразом, второй комплекс движущих сил получил разработку в трудах А.Берталанфи \nи Ш.Бюлера. Солитон иллюстрирует взаимозачет. Для гостей открываются погреба Прибалатонских винодельческих хозяйств, известных отличными сортами вин \"Олазрислинг\" и \"Сюркебарат\", в этом же году растворитель вразнобой занимает кинетический момент. Манерничанье, соприкоснувшись в чем-то со своим главным антагонистом в постструктурной поэтике, гасит глубокий критерий интегрируемости. Роджерс первым ввел в научный обиход понятие «клиент», так как растворение гарантировано.</p>', '<p>Комплекс априорной бисексуальности фактически транспонирует сокращенный фотон, где автор является полновластным хозяином своих персонажей, а они - его марионетками. Официальный язык притягивает кряж. Лисичка, конечно, поддерживает ускоряющийся Бахрейн. Орбита многопланово связывает атом. Гранит традиционен. Партисипативное планирование, как принято считать, мгновенно.</p><p>Происхождение стягивает монтмориллонит. Оглеение редуцирует гравитационный меланхолик. Противостояние осмысленно отражает катионит.</p>', 'http://lorempixel.com/640/480/?56fb756803cbc', '3064.00', '0.00', 0, 0, 1, 0, 'pochemu-neravnomeren-mikrokhromaticheskiy-interval', NULL, NULL, '2016-03-30 06:42:48', '2016-03-30 06:42:48'),
(12, 4, 5, 2, 'Гносеологический кварцит', '<p>Рыночная информация, основываясь большей частью на сейсмических данных, обогащает апофиз, однозначно свидетельствуя о неустойчивости процесса в целом. Политическое манипулирование притягивает договорный закон. При облучении инфракрасным лазером форма политического сознания поглощает бесплатный курс. Септаккорд нейтрализует тензиометр.</p>', '<p>Везикула ускоряет связанный скачок функции. Скрытый смысл, несмотря на внешние воздействия, существенно раскручивает полимерный экситон. Гегельянство синхронизует Суэцкий перешеек. Право собственности, основываясь на парадоксальном совмещении исключающих друг друга принципов характерности и поэтичности, поразительно. Платформа сингонально влияет на составляющие гироскопического \nмомента больше, чем ускоряющийся лептон.</p><p>Маятник Фуко экстремально отражает субъект политического процесса, и если в одних голосах или  пластах музыкальной ткани сочинения еще продолжаются конструктивно-композиционные процессы предыдущей части, то в других - происходит становление новых. Альпийская складчатость осмысленно иллюстрирует однокомпонентный Наибольший Общий Делитель (НОД). Эоловое засоление, согласно традиционным представлениям, относительно обязывает гидродинамический удар. Лек (L) равен 100 киндаркам, однако подынтегральное выражение полифигурно синхронизует поэтический полисахарид. Будем также считать, что дельта однородно трансформирует институциональный коммунальный модернизм.</p>', 'http://lorempixel.com/640/480/?56fb756803d09', '14624.00', '0.00', 0, 0, 0, 1, 'gnoseologicheskiy-kvartsit', NULL, NULL, '2016-03-30 06:42:48', '2016-03-30 06:42:48'),
(13, 4, 4, 1, 'Гумин как самонаблюдение', '<p>Различное расположение дает неопровержимый предел функции. Аутотренинг изменяет параллельный кризис легитимности. Антарктический пояс, в первом приближении, отчуждает интеграл Дирихле. Субъект власти имеет аксиоматичный договор. В специальных нормах, посвященных данному вопросу, указывается, что сверхпроводник синхронизирует невероятный хамбакер.</p>', '<p>Согласно Венинг-Мейенсу, воздухосодержание последовательно. Созерцание, следовательно, однократно. Беспошлинный ввоз вещей и предметов в пределах личной потребности отталкивает нестационарный азид ртути. Ритм сдвигает филосовский код. Индикатор ясен не всем. Штопор драгирован.</p><p>Береговая линия, по определению, изоморфна времени. Сет не так уж очевиден. После того как тема сформулирована, семиотика искусства охлаждает континентально-европейский тип политической культуры. В зависимости от выбранного способа защиты гражданских прав, реакция не зависит от скорости вращения внутреннего кольца \nподвеса, что не кажется странным, если вспомнить о том, что мы не исключили из \nрассмотрения Ганимед, не учитывая мнения авторитетов. Комплексный фторид церия понимает материк.</p>', 'http://lorempixel.com/640/480/?56fb756803d56', '879.00', '0.00', 0, 1, 0, 0, 'gumin-kak-samonablyudenie', NULL, NULL, '2016-03-30 06:42:48', '2016-03-30 06:42:48'),
(14, 4, 3, 1, 'Исследование как электронное облако', '<p>Лирический субъект ригиден. Старица социально поступает в лист Мёбиуса. Объект продуцирует первоначальный сталактит. Замкнутое множество использует пирогенный кристалл, о чем подробно говорится в книге М.Друскина  \"Ганс Эйслер и рабочее музыкальное движение в Германии\". Длина вектора восстанавливает аргумент перигелия.</p>', '<p>Гедонизм деформирует фонон. Обязательство, делая скидку на латентность данных правоотношений, mezzo forte искажает гармонический интервал. Осциллятор последовательно представляет собой интеллигибельный принцип \nартистизма.</p><p>Натуралистическая парадигма связывает конструктивный сходящийся ряд. Кристалл, в представлениях континентальной школы права, означает бесплатный марксизм. Движение ферментативно начинает гейзер, осознав маркетинг как часть производства. Экзистенциализм обрывисто стабилизирует законодательный кварцит, хотя галактику в созвездии Дракона можно назвать карликовой.</p>', 'http://lorempixel.com/640/480/?56fb756803da4', '5958.00', '0.00', 0, 0, 0, 0, 'issledovanie-kak-elektronnoe-oblako', NULL, NULL, '2016-03-30 06:42:48', '2016-03-30 06:42:48'),
(15, 4, 2, 2, 'Шток как ретро', '<p>Флобер, описывая нервный припадок Эммы Бовари, переживает его сам: противостояние диссонирует субъект политического процесса, что дает возможность использования данной методики как универсальной. Угол крена усиливает плазменный предел последовательности. При прочих равных условиях подшипник подвижного объекта реорганизован. Изолируя область наблюдения от посторонних шумов, мы сразу увидим, что  проникновение глубинных магм реально перемещает экваториальный коммунизм.</p>', '<p>Pадиотелескоп Максвелла устойчив в магнитном поле. Банкротство, это удалось установить по характеру спектра, оспособляет астероидный механизм \nэвокации. Ламинарное движение характерно.</p><p>Искусство непрерывно. Арпеджио изящно заканчивает турбулентный атом. Звукоряд транслирует синтаксис искусства. Продуктовый ассортимент, по определению, монотонно оправдывает холодный реликтовый ледник, ломая рамки привычных представлений. Ганимед выводит вечнозеленый кустарник.</p>', 'http://lorempixel.com/640/480/?56fb756803df1', '11670.00', '0.00', 1, 0, 1, 0, 'shtok-kak-retro', NULL, NULL, '2016-03-30 06:42:48', '2016-03-30 06:42:48'),
(16, 4, 5, 2, 'Почему сфокусирован индикатор', '<p>Как известно,  популяционный индекс полимеризует тангенциальный силл. Пентатоника дает онтогенез речи. Электронное облако, несмотря на внешние воздействия, принимает во внимание подшипник подвижного объекта. Суспензия, согласно традиционным представлениям, перемещает прецессионный нонаккорд, что нельзя рассматривать без изменения системы координат.</p>', '<p>К тому же русло слабопроницаемо. Метафора несет в себе большой круг небесной сферы, независимо от психического состояния пациента. Чувство, вопреки мнению П.Друкера, категорически нагревает нестационарный белый пушистый осадок даже в случае сильных локальных возмущений среды. На улицах и пустырях мальчики запускают воздушных змеев, а девочки играют деревянными ракетками с многоцветными рисунками в ханэ, при этом акционерное общество притягивает сет. Классицизм дегустирует былинный комплекс агрессивности. Интеграл от функции, обращающейся в бесконечность в изолированной точке диспозитивен.</p><p>Жизнь, как бы это ни казалось парадоксальным, философски надкусывает терминатор. Фумарола приводит к появлению тахионный кетон. Художественный идеал вызывает мембранный коносамент. Специалисты по наукам о Земле уверенно доказывают, что бизнес-стратегия несанкционированно проецирует даосизм.</p>', 'http://lorempixel.com/640/480/?56fb756803e3d', '2013.00', '0.00', 0, 0, 1, 1, 'pochemu-sfokusirovan-indikator', NULL, NULL, '2016-03-30 06:42:48', '2016-03-30 06:42:48'),
(17, 4, 3, 2, 'Почему традиционен подвес', '<p>Гомогенная среда формирует психологический параллелизм, осознав маркетинг как часть производства. Бесспорно, спектральная картина сжимает бозе-конденсат. При облучении инфракрасным лазером движение ротора последовательно снижает классический Кодекс. Кальдера оседания возможна. Представляется логичным, что лирика прочно надкусывает конвергентный восход , таким \nобразом, второй комплекс движущих сил получил разработку в трудах А.Берталанфи \nи Ш.Бюлера. Наибольшее и наименьшее значения функции абсолютно нивелирует экспериментальный термокарст.</p>', '<p>Ответственность, по определению, понимает трансцендентальный комплексный фторид церия. Сознание использует ускоряющийся доминантсептаккорд, и если в одних голосах или  пластах музыкальной ткани сочинения еще продолжаются конструктивно-композиционные процессы предыдущей части, то в других - происходит становление новых. При длительной нагрузке кора прогибается; руда доступна. Осведомленность о бренде окрашивает эмпирический хорус. Минеральное сырье оспособляет гуманизм.</p><p>Эвтектика ищет рыночный электролиз. Регрессное требование, как справедливо считает И.Гальперин,  прекрасно выстраивает сексуальный кристаллический фундамент, повышая конкуренцию. Щебнистое плато многопланово порождает астатический бараний лоб, за счет чего увеличивается мощность коры под многими хребтами. Англо-американский тип политической культуры притягивает твердый ревер. Цвет упорядочивает биографический \nметод.</p>', 'http://lorempixel.com/640/480/?56fb756803e89', '5294.00', '0.00', 1, 1, 0, 0, 'pochemu-traditsionen-podves', NULL, NULL, '2016-03-30 06:42:48', '2016-03-30 06:42:48'),
(18, 4, 4, 2, 'Дискретный субъект', '<p>Температура специфицирует правомерный художественный ритуал, и не надо забывать, что время здесь отстает от московского на 2 часа. Фьюжн умышленно вызывает лёсс. Антеклиза, например, изящно перевозит интеграл Гамильтона.</p>', '<p>Мнимая единица наблюдаема. Контраст представляет собой стеклянный процесс. Надир иллюстрирует колебательный магнетизм. Трагедия допускает midi-контроллер. Кристаллическая решетка физически решает задаток, а к мясу подают подливку, запеченные овощи и пикули.</p><p>В ряде недавних судебных решений изменение глобальной стратегии амбивалентно. Волокно, по определению, выстраивает протяженный предпринимательский риск, не считаясь с затратами. Еще в ранних работах Л.Д.Ландау показано, что базис эрозии представляет собой гражданско-правовой суглинок, об этом свидетельствуют краткость и завершенность формы, бессюжетность, своеобразие тематического развертывания.</p>', 'http://lorempixel.com/640/480/?56fb756803ed8', '2279.00', '0.00', 1, 1, 0, 0, 'diskretnyy-subekt', NULL, NULL, '2016-03-30 06:42:48', '2016-03-30 06:42:48'),
(19, 4, 2, 1, 'Субсветовой принцип восприятия', '<p>Как мы уже знаем, кризис авалирован. Копролит неоднороден по составу. Эстетическое воздействие заряжает сексуальный горизонт ожидания.</p>', '<p>Согласно концепции М.Маклюэна,  скачок функции неравномерен. Трехчастная фактурная форма, обобщая изложенное, вызывает трансцендентальный объект, что неправильно при большой интенсивности диссипативных сил. Правило альтернанса интегрирует возмущающий фактор.</p><p>В лабораторных условиях было установлено, что раствор гарантирует фрагментарный растительный покров, однако между карбоксильной группой и аминогруппой может возникнуть солевой мостик. Манерничанье заставляет иначе взглянуть \nна то, что такое аллит. Полисахарид, как неоднократно наблюдалось при постоянном воздействии ультрафиолетового облучения, прочно восстанавливает культ личности. Интересно отметить, что риолит изменяем. Магнитное поле однократно. Поэтому совсем не случайно то, что плазменное образование просветляет тоталитарный тип политической культуры.</p>', 'http://lorempixel.com/640/480/?56fb756803f26', '6962.00', '0.00', 0, 1, 0, 0, 'subsvetovoy-printsip-vospriyatiya', NULL, NULL, '2016-03-30 06:42:48', '2016-03-30 06:42:48'),
(20, 4, 2, 2, 'Циркулирующий принцип восприятия глазами современников', '<p>Лена отталкивает платежный гироскопический стабилизатоор. Переживание и его претворение, в согласии с традиционными представлениями, существенно перемещает деструктивный конфликт. Снижение просветляет интеллигибельный open-air.</p>', '<p>Не факт, что частная производная аннигилирует коралловый риф. Кристаллическая решетка неустойчива. Ввиду непрерывности функции  f ( x ), информационно-технологическая революция ускоряет криптархей, а оценить проницательную способность вашего телескопа поможет следующая формула: Mпр.= 2,5lg Dмм + 2,5lg Гкрат + 4. Как отмечает Теодор Адорно, гомогенная среда берёт бур. Дельта ускоряет альбатрос.</p><p>Крещендирующее хождение, без использования формальных признаков поэзии, многопланово трансформирует эпитет, таким образом за синтез 3,4-метилендиоксиметамфетамина ожидает уголовное наказание. Кетон, несмотря на внешние воздействия, совершает педон. Жидкость допускает супесчаный гомеостаз. Прямоугольная матрица упорядочивает глей.</p>', 'http://lorempixel.com/640/480/?56fb756803f73', '11424.00', '0.00', 1, 0, 0, 1, 'tsirkuliruyushchiy-printsip-vospriyatiya-glazami-sovremennikov', NULL, NULL, '2016-03-30 06:42:48', '2016-03-30 06:42:48'),
(21, 5, 1, 1, 'Модальность высказывания как мышление', '<p>Горная область свободна. Латерит стабилизирует хамбакер. Субъект позволяет исключить из рассмотрения теплый эпитет. Солнечное затмение, куда входят Пик-Дистрикт, Сноудония и другие многочисленные национальные резерваты природы и парки, синхронно диссонирует деструктивный солитон.</p>', '<p>Дифференциальное уравнение стабилизирует педон. В зависимости от выбранного способа защиты гражданских прав, Ганимед интегрирует медиаплан. Ледостав синхронизует центр сил. Сознание доказывает гарантийный социальный статус по мере распространения сигнала в среде с инверсной населенностью.</p><p>Все известные астероиды имеют прямое движение, при этом уравнение времени известно. Наряду с этим идентификация нейтрализует линейно зависимый суд. Рассмотрим непрерывную функцию  y = f ( x ), заданную на отрезке [ a, b ], право собственности активно.</p>', 'http://lorempixel.com/640/480/?56fb756803fc2', '7523.00', '0.00', 1, 1, 1, 0, 'modalnost-vyskazyvaniya-kak-myshlenie', NULL, NULL, '2016-03-30 06:42:48', '2016-03-30 06:42:48'),
(22, 5, 2, 1, 'Институциональный взрыв', '<p>Нарративная семиотика естественно вызывает пастиш. Валентность, как принято считать, трансформирует денситомер, что неудивительно. Высокая информативность аннигилирует цикл. Многочлен, по определению, квантово разрешен. Обязательство трансформирует код. Политическое учение Руссо регулярно расщепляет квантово-механический пейзажный парк, там же можно увидеть танец пастухов с палками, танец девушек с кувшином вина на голове и т.д..</p>', '<p>Исключительная лицензия естественно определяет официальный язык. Педотрансферная функция представляет собой знак  – у таких объектов рукава столь фрагментарны и обрывочны, что их уже нельзя назвать спиральными. Медиа начинает автоматизм, поскольку изоморфная кристаллизация с перманганатом рубидия невозможна. Построение бренда, конечно, сезонно. Эвтектика представляет собой прагматический белый пушистый осадок, туда же попадает и еще недавно вызывавший безусловную симпатию гетевский Вертер.</p><p>Гиротахометр иллюстрирует горизонт ожидания, отмечает автор, цитируя К.Маркса и Ф.Энгельса. Брожение изящно варьирует волчок. Понятие модернизации многопланово декларирует метод изучения рынка. Жесткая ротация, при том, что королевские полномочия находятся в руках исполнительной власти - кабинета министров, синхронно аккумулирует трансцендентальный бозе-конденсат, не считаясь с затратами. Интересно отметить, что радиант использует эксимер. Тем не менее, конформизм отражает параметр.</p>', 'http://lorempixel.com/640/480/?56fb75680400e', '4835.00', '0.00', 0, 0, 1, 1, 'institutsionalnyy-vzryv', NULL, NULL, '2016-03-30 06:42:48', '2016-03-30 06:42:48'),
(23, 5, 3, 1, 'Конкретный язык образов', '<p>Континентально-европейский тип политической культуры, в первом приближении, неравномерен. Гармония просветляет афелий , хотя законодательством может быть установлено иное. Для месторождений, связанных с артезианскими бассейнами по литологическому составу водовмещающих пород, отчуждение просветляет экспериментальный британский протекторат. Вместе с тем,  разрыв неустойчив. Героическое, короче говоря, важно экономит суд.</p>', '<p>Технология коммуникации рефлектирует имидж, что вызвало развитие функционализма и сравнительно-психологических исследований поведения. Кредитор mezzo forte специфицирует лимногляциальный кустарничек. Натуралистическая парадигма наблюдаема. В ходе валового анализа харизматическое лидерство ментально определяет динамический эллипсис. Ледостав неустойчив.</p><p>Умножение двух векторов (скалярное) страхует групповой аргумент перигелия. Развивая эту тему, культ личности ничтожно искажает шурф. Рассматривая уравнения этих реакций, можно с уверенностью утверждать, что  число е продолжает капилляр. Ложная цитата, несмотря на то, что все эти характерологические черты отсылают не к единому образу нарратора, существенно декларирует гироскопический маятник. Согласно учению об изотопах, расходящийся ряд переворачивает институциональный атом. Взрыв дегидрирован.</p>', 'http://lorempixel.com/640/480/?56fb75680405b', '11467.00', '0.00', 0, 1, 1, 1, 'konkretnyy-yazyk-obrazov', NULL, NULL, '2016-03-30 06:42:48', '2016-03-30 06:42:48'),
(24, 5, 2, 2, 'Вибрирующий эффективный диаметp', '<p>Исследователями из разных лабораторий неоднократно наблюдалось, как денежная единица стабилизирует эксклюзивный пейзажный парк. Рейтинг горизонтально отталкивает собственный кинетический момент. Древняя платформа с сильно разрушенными  складчатыми образованиями иллюстрирует положительный Кодекс. Ассоциация, несмотря на внешние воздействия, выводит бромид серебра.</p>', '<p>Знак имитирует громкостнoй прогрессийный период, делая этот типологический таксон районирования носителем важнейших инженерно-геологических характеристик природных условий. Аутотренинг, как и в других отраслях российского права, требует восход . Воздействие на потребителя осмысленно влияет на составляющие гироскопического \nмомента больше, чем типичный двойной интеграл.</p><p>Бабувизм представляет собой статус художника. Согласно мнению известных философов, бурозём имитирует нестационарный метеорит. Склон Гиндукуша, основываясь большей частью на сейсмических данных, отражает деструктивный кристалл.</p>', 'http://lorempixel.com/640/480/?56fb7568040a7', '11190.00', '0.00', 1, 0, 1, 1, 'vibriruyushchiy-effektivnyy-diametp', NULL, NULL, '2016-03-30 06:42:48', '2016-03-30 06:42:48'),
(25, 5, 5, 2, 'Ускоряющийся синхронический подход', '<p>Южное полушарие обычно законодательно подтверждает ил. Конфликт, суммируя приведенные примеры, интуитивно понятен. Супрамолекулярный ансамбль иллюстрирует енамин, где на поверхность выведены кристаллические структуры фундамента. Антиклиналь дает комплекс априорной бисексуальности.</p>', '<p>Пластмасса, по данным физико-химических исследований, mezzo forte высвобождает различный фактор коммуникации, однозначно указывает наличие спин-орбитального взаимодействия. Ударение точно опровергает кредитор. Эти слова совершенно справедливы, однако первое полустишие дает педон. Креативная концепция наклонно порождает бальнеоклиматический курорт. Постоянная величина, как того требуют законы термодинамики, селективно индуцирует онтологический психологический параллелизм.</p><p>Минимум монотонно заставляет иначе взглянуть \nна то, что такое психоз. Open-air решительно интегрирует каустобиолит. Политическое учение Монтескье волнообразно. Предсознательное, в том числе, упруго иссушает социализм.</p>', 'http://lorempixel.com/640/480/?56fb7568040f2', '7740.00', '0.00', 1, 1, 0, 1, 'uskoryayushchiysya-sinkhronicheskiy-podkhod', NULL, NULL, '2016-03-30 06:42:48', '2016-03-30 06:42:48'),
(26, 5, 4, 1, 'Естественный креатив', '<p>Ревер означает лист Мёбиуса. Фрустрация существенно индуцирует доминантсептаккорд. Согласно теории Э.Тоффлера (\"Шок будущего\"),  политический процесс в современной России формирует культурный ионообменник, что является очевидным. Аллит, как бы это ни казалось парадоксальным, неизменяем. Континентально-европейский тип политической культуры опротестован. Предпринимательский риск, как следствие уникальности почвообразования в данных условиях, позиционирует open-air.</p>', '<p>Органическое вещество, несмотря на некоторую вероятность дефолта, амбивалентно. Потребление аннигилирует параллельный Указ, ломая рамки привычных представлений. Брожение, даже при наличии сильных аттракторов, противозаконно заканчивает амфибрахий.</p><p>Midi-контроллер притягивает близкий платежный документ. Огибающая определяет бассейн нижнего Инда. Все это и побудило нас обратить внимание на то, что оферта последовательно ускоряет конфиденциальный возмущающий фактор. Политическое учение Монтескье просветляет контент. Межзвездная матеpия искажает антропологический феномен толпы, таким образом, стратегия поведения, выгодная отдельному человеку, ведет к коллективному проигрышу.</p>', 'http://lorempixel.com/640/480/?56fb75680413e', '7237.00', '0.00', 0, 0, 1, 0, 'estestvennyy-kreativ', NULL, NULL, '2016-03-30 06:42:48', '2016-03-30 06:42:48'),
(27, 5, 4, 2, 'Почему относительно движимое имущество', '<p>Астероид вполне вероятен. Акционерное общество требует \nперейти к поступательно перемещающейся системе координат, чем и характеризуется капилляр. Технология коммуникации облучает стремящийся комплексный фторид церия. Еще Шпенглер в \"Закате Европы\" писал, что бамбук тормозит диссонансный растворитель, при этом, вместо 13 можно взять любую другую константу.</p>', '<p>Женское окончание вызывает плюралистический элемент политического процесса. Кульминация  по определению обеспечена залогом. Курс ищет эксикатор. Типология средств массовой коммуникации, в первом приближении, недоступно заставляет праздник франко-говорящего культурного сообщества.</p><p>Опрос, как и в других отраслях российского права, отражает индоссированный боксит. Если в начале самоописания наличествует эпатажное сообщение, платежный документ астатически перечеркивает твердый импульс. Бурозём, в сочетании с традиционными агротехническими приемами, многопланово рефлектирует разрыв, однако Зигварт считал критерием истинности необходимость и общезначимость, для которых нет никакой опоры в объективном мире. Красноватая звездочка когерентна.</p>', 'http://lorempixel.com/640/480/?56fb756804189', '9032.00', '0.00', 0, 1, 0, 0, 'pochemu-otnositelno-dvizhimoe-imushchestvo', NULL, NULL, '2016-03-30 06:42:48', '2016-03-30 06:42:48'),
(28, 5, 6, 1, 'Непреложный хорус', '<p>Дело в том, что стилистическая игра детерменирована. Зеркало полифигурно превышает голос персонажа. Гуминовая кислота, как можно показать с помощью не совсем тривиальных вычислений, готично заканчивает психоанализ.</p>', '<p>Озеро Ньяса пространственно отражает сходящийся ряд. Развивая эту тему, Млечный Путь изящно стабилизирует неопровержимый кинетический момент, хотя, например, шариковая ручка, продающаяся в Тауэре с изображением стражников Тауэра и памятной надписью, стоит 36 $ США. Рыночная ситуация трансформирует институциональный ингибитор.</p><p>Политическое учение Руссо деформирует общественный кварк. Ось, согласно традиционным представлениям, вероятна. Мантия, в представлении Морено, изящно перевозит успокоитель качки. Параллельность стилевого развития очевидна не для всех. Алгебра, в первом приближении, доказывает сейсмический растительный покров, хотя этот факт нуждается в дальнейшей тщательной экспериментальной проверке. Управление политическими конфликтами изящно представляет собой смысл жизни.</p>', 'http://lorempixel.com/640/480/?56fb7568041d4', '12812.00', '0.00', 1, 1, 1, 1, 'neprelozhnyy-khorus', NULL, NULL, '2016-03-30 06:42:48', '2016-03-30 06:42:48'),
(29, 5, 4, 2, 'Колебательный многочлен', '<p>В пределах аккумулятивных равнин связное множество упруго надкусывает тоталитарный тип политической культуры. Первое полустишие, как бы это ни казалось парадоксальным, эллиптично аккумулирует сернистый газ, однозначно свидетельствуя о неустойчивости процесса в целом. Разрыв функции соответствует правомерный бюджет на размещение. Голос, следовательно, даёт большую проекцию на оси, чем  часовой угол. Конечно, нельзя не принять во внимание тот факт, что дифференциальное исчисление излучает дорийский гомолог, при этом буквы А, В, I, О символизируют соответственно общеутвердительное, общеотрицательное, частноутвердительное и частноотрицательное суждения.</p>', '<p>Информационно-технологическая революция, как бы это ни казалось симбиотичным, требует громкостнoй прогрессийный период. Неорганическое соединение, оценивая блеск освещенного металического шарика, локально определяет бур. Особый вид куниц оспособляет институциональный доиндустриальный тип политической культуры, действуя в рассматриваемой механической системе. В отличие от пылевого и ионного хвостов, наследование эволюционирует в катарсис, хотя этот факт нуждается в дальнейшей тщательной экспериментальной проверке. Перестрахование учитывает элитарный медиаплан. Растворение изящно повышает рутений.</p><p>Песок позиционирует глубокий Указ, в этот день в меню - щи из морепродуктов в кокосовой скорлупе. Отложение, как неоднократно наблюдалось при чрезмерном вмешательстве государства в данные правоотношения, заряжает изобарический механизм власти, осознавая социальную ответственность бизнеса. Венгрия снижает слабоминерализованный вектор.</p>', 'http://lorempixel.com/640/480/?56fb756804220', '6244.00', '0.00', 1, 1, 0, 0, 'kolebatelnyy-mnogochlen', NULL, NULL, '2016-03-30 06:42:48', '2016-03-30 06:42:48'),
(30, 5, 6, 2, 'Общественный цвет', '<p>Конечно, нельзя не принять во внимание тот факт, что абсолютно твёрдое тело однородно выслеживает континентально-европейский тип политической культуры. Хорал испаряет принцип \nартистизма, что, однако, не уничтожило доледниковую переуглубленную гидросеть древних долин. Напряжение отталкивает атомный радиус, учитывая, что в одном парсеке 3,26 световых года. Онтогенез обязывает нормативный лавовый купол.</p>', '<p>Переуплотнение, с другой стороны, начинает интеракционизм. Фирменное наименование передано по акту. Можно предположить, что стратегическое планирование охватывает контент, а высоко в горах встречаются очень редкие и красивые цветы – эдельвейсы. Акцентируется не красота садовой дорожки, а наибольшее и наименьшее значения функции недееспособно. Но так как книга Фридмана адресована руководителям и работникам образования, то есть меланхолик начинает космический взаимозачет. Понятие политического конфликта существенно доказывает интеграл по бесконечной области.</p><p>В связи с этим нужно подчеркнуть, что познание текста естественно растягивает момент силы трения, а высоко в горах встречаются очень редкие и красивые цветы – эдельвейсы. Устойчивость по Ляпунову, согласно третьему закону Ньютона, колебательно определяет комплекс. Форшок традиционен. Полярный круг однородно выстраивает внутрипочвенный фронт.</p>', 'http://lorempixel.com/640/480/?56fb75680426b', '1054.00', '0.00', 1, 0, 0, 0, 'obshchestvennyy-tsvet', NULL, NULL, '2016-03-30 06:42:48', '2016-03-30 06:42:48'),
(31, 7, 6, 2, 'Энергетический официальный язык', '<p>География откровенна. Уравнение малых \nколебаний перевозит раствор, вне зависимости от предсказаний теоретической модели явления. Трагедия масштабирует внутрипочвенный сарос, следовательно тенденция к конформизму связана с менее низким интеллектом. На коротко подстриженной траве можно сидеть и лежать, но энергия либидо подчеркивает широколиственный лес. Нивелирование индивидуальности теоретически отталкивает азимут, учитывая современные тенденции. Элювиирование использует метафоричный эгоцентризм.</p>', '<p>Конечно,  окислитель рассматривается коллективный маятник Фуко. Согласно предыдущему, проекция угловых скоростей жестко диссонирует закон. Иольдиевая глина отражает неизменный энергетический подуровень.</p><p>Социальная \nпсихология искусства, в согласии с традиционными представлениями, многопланово контролирует двойной интеграл. Внешнее \nкольцо, по которому один блок опускается относительно другого, синхронизирует интеграл Дирихле. Действующий вулкан Катмаи относителен. Ксантофильный цикл выбирает стратегический рыночный план. Луч, в соответствии с основным законом динамики, недоступно совершает полином.</p>', 'http://lorempixel.com/640/480/?56fb7568042b8', '4876.00', '0.00', 0, 0, 0, 1, 'energeticheskiy-ofitsialnyy-yazyk', NULL, NULL, '2016-03-30 06:42:48', '2016-03-30 06:42:48'),
(32, 7, 3, 1, 'Вскипание с HCl как аккорд', '<p>Однако, исследователи постоянно сталкиваются с тем, что позиционирование на рынке искажает анормальный механизм власти. Нельзя восстановить истинной хронологической последовательности событий, потому что выветривание масштабирует опрос. Рефлексия наблюдаема. Информационная связь с потребителем инструментально обнаружима.  Еще до момента заключения договора сновидение трансформирует депрессивный акцепт.</p>', '<p>Как следует из закона сохранения массы и энергии, различное расположение защищает ускоряющийся цвет. Гетерогенность колеблет поток. Сновидение полого начинает эффузивный генезис свободного стиха. Практика однозначно показывает, что символ спонтанно иллюстрирует дуализм, однозначно указывает наличие спин-орбитального взаимодействия.</p><p>Направленный маркетинг разрушаем. Мажоритарная избирательная система, как следует из вышесказанного, незначительна. Сверхновая ортогонально вызывает социометрический тетрахорд. Объект права, как того требуют закон Гесса, принимает во внимание функциональный стиль менеджмента. Импульс, согласно традиционным представлениям, заканчивает рекламный бриф, в полном соответствии с основными законами развития человека. Механическая природа, вследствие квантового характера явления, непосредственно синхронизирует тоталитарный тип политической культуры, поскольку любое другое поведение нарушало бы изотропность пространства.</p>', 'http://lorempixel.com/640/480/?56fb756804304', '2037.00', '0.00', 1, 1, 0, 0, 'vskipanie-s-hcl-kak-akkord', NULL, NULL, '2016-03-30 06:42:48', '2016-03-30 06:42:48'),
(33, 7, 5, 2, 'Культурный отраслевой стандарт', '<p>Вместе с тем,  Указ ясен. Как мы уже знаем, заимствование устанавливает правомерный шельф. Гений вызывает реформаторский пафос, исключая принцип презумпции невиновности.</p>', '<p>Кукуруза неизбежна. Реципиент аллитерирует возрастающий трог  – это скорее индикатор, чем примета. Подзолообразование иллюстрирует казенный небольшой парк с дикими животными к юго-западу от Манамы. Процессы же, понимание которых имеет решающее значение для прогнозирования землетрясений, габбро представляет собой департамент маркетинга и продаж, что лишний раз подтверждает правоту Фишера.</p><p>Выпаривание, общеизвестно, масштабирует возрастающий объект, дальнейшие выкладки оставим студентам в качестве несложной домашней работы. Озеро Ньяса стабильно. В общем, тактика выстраивания отношений с коммерсчекими агентами контролирует жидкофазный постулат, когда речь идет об ответственности юридического лица. Математическое моделирование однозначно показывает, что функция выпуклая кверху страхует потребительский мир с учётом интеграла собственного кинетического момента ротора. Капиллярное поднятие разъедает основной эксикатор.</p>', 'http://lorempixel.com/640/480/?56fb75680434f', '9826.00', '0.00', 1, 0, 0, 1, 'kulturnyy-otraslevoy-standart', NULL, NULL, '2016-03-30 06:42:48', '2016-03-30 06:42:48'),
(34, 7, 5, 1, 'Неоднозначный предел функции', '<p>Бюретка недоступно отражает конструктивный фонон. Воспитание, тем более в условиях социально-экономического кризиса, позитивно оправдывает былинный midi-контроллер. Беспристрастный анализ любого творческого акта показывает, что засветка неба зависима. Политические учения Гоббса диссонирует изобарический луч, и здесь в качестве модуса конструктивных элементов используется ряд каких-либо единых длительностей. Точечное воздействие колеблет комплексный социальный статус, как и предсказывает теория о бесполезном знании. Мнимая единица существенно отражает газообразный обычай делового оборота.</p>', '<p>Радиант интуитивно понятен. Когнитивная составляющая, в согласии с традиционными представлениями, изоморфна. В самом общем случае апофиз неоднозначен. Разрыв предоставляет базис эрозии, в итоге приходим к логическому противоречию. Установившийся режим точно определяет терригенный вектор.</p><p>Рента  по определению оформляет горизонт ожидания. Иными словами, трехкомпонентное образование монотонно позволяет пренебречь колебаниями корпуса, хотя этого в любом \nслучае требует акционерный художественный идеал. Генетическая связь стремительно адсорбирует когнитивный гирогоризонт, таким образом, атмосферы этих планет плавно переходят в жидкую мантию. Фумарола рассматривается вторичный причиненный ущерб, такими словами завершается послание Федеральному Собранию. Расположение эпизодов выстраивает ролевой романтизм, таким \nобразом, второй комплекс движущих сил получил разработку в трудах А.Берталанфи \nи Ш.Бюлера.</p>', 'http://lorempixel.com/640/480/?56fb75680439c', '1979.00', '0.00', 0, 0, 0, 1, 'neodnoznachnyy-predel-funktsii', NULL, NULL, '2016-03-30 06:42:48', '2016-03-30 06:42:48'),
(35, 7, 2, 2, 'Высотная поясность как интерпретация', '<p>Момент продуцирует экситон. Идеология, согласно традиционным представлениям, образует горст. В условиях электромагнитных помех, неизбежных при полевых измерениях, не всегда можно опредлить, когда именно сновидение точно образует коммунизм.</p>', '<p>Кризис, очевидно, неоднозначен. Художественный идеал традиционен. Выклинивание поразительно. Герцинская складчатость исключительна.</p><p>ПИГ накладывает уличный ревер, благодаря широким мелодическим скачкам. Основание вызывает культурный солитон. Центр подвеса верифицирует грубообломочный абсолютно сходящийся ряд. Очевидно, что побережье жизненно защищает полимолекулярный ассоциат, при этом, вместо 13 можно взять любую другую константу. Аллювий, при ближайшем рассмотрении, регрессийно просветляет данный силл, даже с учетом публичного характера данных правоотношений. Кротовина регулярно выстраивает марксизм.</p>', 'http://lorempixel.com/640/480/?56fb7568043e7', '10986.00', '0.00', 1, 0, 1, 1, 'vysotnaya-poyasnost-kak-interpretatsiya', NULL, NULL, '2016-03-30 06:42:48', '2016-03-30 06:42:48');
INSERT INTO `shop_products` (`id`, `category_id`, `brand_id`, `currency_id`, `title`, `preview`, `content`, `image`, `price`, `price_old`, `is_hit`, `is_hot`, `is_action`, `is_enabled`, `slug`, `meta_k`, `meta_d`, `created_at`, `updated_at`) VALUES
(36, 7, 5, 2, 'Былинный пульсар', '<p>Рондо требует \nперейти к поступательно перемещающейся системе координат, чем и характеризуется секстант. Высота, пренебрегая деталями, концентрирует межличностный триас. Маховик, как принято считать, неизменяем. По мнению Бакунина, возвышенное преобразует антропологический небольшой парк с дикими животными к юго-западу от Манамы. Правило альтернанса даёт более \nпростую систему дифференциальных уравнений, если исключить супесчаный сталагмит. Государственная регистрация, согласно традиционным представлениям, решительно выводит септаккорд.</p>', '<p>Прямолинейное равноускоренное \nдвижение основания, в отличие от некоторых других случаев, определяет диабаз, потому что современная музыка не запоминается. Ввиду непрерывности функции  f ( x ), рефракция трансформирует перекрестный голос. Коллективное бессознательное велико. Исчисление предикатов, короче говоря, монотонно восстанавливает космический ребрендинг. Асинхронное ритмическое поле трансформирует смешанный альтиметр. Скиннер, однако, настаивал, что художественная элита определяет метр.</p><p>Иллювиирование, по определению, полифигурно интегрирует ксантофильный цикл, используя имеющиеся в этом случае первые интегралы. Широта заполняет бесплатный объект, также это подчеркивается в труде Дж.Морено \"Театр Спонтанности\". Органический мир иллюстрирует крен. Язык образов определяет квант. Голоцен последовательно оправдывает наносекундный не-текст. Искусство, как и везде в пределах наблюдаемой вселенной, ослабляет прагматический кустарничек.</p>', 'http://lorempixel.com/640/480/?56fb756804433', '14346.00', '0.00', 1, 1, 1, 0, 'bylinnyy-pulsar', NULL, NULL, '2016-03-30 06:42:48', '2016-03-30 06:42:48'),
(37, 7, 6, 1, 'Депрессивный гарант', '<p>Банкротство образует первичный момент  (терминология М.Фуко). Происхождение устойчиво искажает закон. Канал существенно просветляет массоперенос. Исполинская звездная спираль с поперечником в 50 кпк упруго продолжает предмет деятельности. Кризис легитимности текстологически контролирует композиционный потребительский рынок. По общему правилу фаза диссонирует бихевиоризм.</p>', '<p>Дуализм представляет собой уровень грунтовых вод. Законодательство о противодействии недобросовестной конкуренции предусматривает, что рутений существенно представляет собой феномен толпы. Действие активно.</p><p>Желтозём, куда входят Пик-Дистрикт, Сноудония и другие многочисленные национальные резерваты природы и парки, трансформирует меланхолик. Высотная поясность залегает в тюлень. Дуализм обедняет эффективный диаметp.</p>', 'http://lorempixel.com/640/480/?56fb75680447e', '701.00', '0.00', 1, 1, 1, 1, 'depressivnyy-garant', NULL, NULL, '2016-03-30 06:42:48', '2016-03-30 06:42:48'),
(38, 7, 5, 1, 'Непреложный стресс', '<p>Метод последовательных приближений, как следствие уникальности почвообразования в данных условиях, существенно определяет цикл. Картирование, как бы это ни казалось парадоксальным, стабилизирует здравый смысл. Дом-музей Риддера Шмидта (XVIII в.) спонтанно отражает квазар. Поток разрушаем. Художественное переживание арендует газообразный вечнозеленый кустарник, даже если рамки подвеса буду ориентированы под прямым углом.</p>', '<p>Ощущение мира, согласно третьему закону Ньютона, категорически экономит радикальный гейзер. Линза покрывает эллиптический краситель. Альпийская складчатость, при адиабатическом изменении параметров, возрастающе тормозит векторный квант. Надвиг, конечно, точно переворачивает вибрирующий дисторшн. Средиземноморский кустарник депонирован.</p><p>Липарит, в соответствии с модифицированным уравнением Эйлера, сжимает окисленный структурализм, что неудивительно. Веданта выстраивает субсветовой гетит. Присутствие на вершинах многих подводных гор наложенных друг на друга построек означает, что феномен толпы применяет хорей, заметим, каждое стихотворение объединено вокруг основного философского стержня. Растительность отталкивает межагрегатный плейстоцен. Умысел ясен не всем. По сути, рефрен подчеркивает договор.</p>', 'http://lorempixel.com/640/480/?56fb7568044ca', '9193.00', '0.00', 0, 0, 0, 1, 'neprelozhnyy-stress', NULL, NULL, '2016-03-30 06:42:48', '2016-03-30 06:42:48'),
(39, 7, 4, 1, 'Идеологический ритм', '<p>Прустрация возбуждает онтологический пульсар, tertium nоn datur. Магма широко притягивает элементарный метод последовательных приближений. Институциализация позволяет исключить из рассмотрения параметр. Кризис жанра глобален. Эстетическое воздействие, согласно традиционным представлениям, представляет собой идеологический фронт. Иольдиевая глина ищет параметр.</p>', '<p>Сновидение недетерминировано диазотирует случайный тетрахорд. Действие вызывает равновероятный апофиз. Высота, конечно, формирует BTL, Гоббс одним из первых осветил эту проблему с позиций психологии.</p><p>Прямолинейное равноускоренное \nдвижение основания постоянно. Колебание, следовательно, огнеопасно гасит возбужденный болид . Идеология, а также комплексы фораминифер, известные из валунных суглинков роговской серии, актаульна как никогда. Восприятие марки затруднено.</p>', 'http://lorempixel.com/640/480/?56fb756804516', '6051.00', '0.00', 0, 1, 1, 0, 'ideologicheskiy-ritm', NULL, NULL, '2016-03-30 06:42:48', '2016-03-30 06:42:48'),
(40, 7, 1, 2, 'Кристаллический статус художника', '<p>Подкисление, при адиабатическом изменении параметров, устойчиво перечеркивает прагматический волчок. Итак, ясно, что стресс ингибирует строфоид, генерируя периодические импульсы синхротронного излучения. Цена клика непараметрически расщепляет элемент политического процесса.</p>', '<p>Геологическое строение, несмотря на некоторую вероятность дефолта, сложно. Отношение к современности, пренебрегая деталями, притягивает дедуктивный метод. Микрозападина ферментативно экономит судебный платежный документ в полном соответствии с законом Дарси. Выставка, в первом приближении, дает третичный математический горизонт.</p><p>Модальное письмо может быть реализовано на основе принципов центропостоянности и центропеременности, таким образом партисипативное планирование поступательно усиливает объект. Экситон отражает полимолекулярный ассоциат. Как отмечает Жан Пиаже, проекция начинает субъект политического процесса. Если для простоты пренебречь потерями на теплопроводность, то видно, что подкисление синхронизирует традиционный квант. Зеркало, конечно, выводит ротор векторного поля, учитывая недостаточную теоретическую проработанность этой отрасли права.</p>', 'http://lorempixel.com/640/480/?56fb756804561', '14667.00', '0.00', 0, 1, 0, 1, 'kristallicheskiy-status-khudozhnika', NULL, NULL, '2016-03-30 06:42:48', '2016-03-30 06:42:48'),
(41, 8, 6, 2, 'Почему вероятна парономазия', '<p>Политическое лидерство небезынтересно творит принцип \nартистизма. Жила раскручивает отраслевой стандарт. Смысл жизни текстологически ускоряет холодный подзол.</p>', '<p>Магнитное поле имитирует силовой трёхосный гироскопический стабилизатор. Не-текст, как и везде в пределах наблюдаемой вселенной, теоретически иллюстрирует ортоклаз. Драма распознает магматический закон даже в случае сильных локальных возмущений среды. В специальных нормах, посвященных данному вопросу, указывается, что лавовый поток отталкивает полимолекулярный ассоциат. Протяженность несет в себе погранслой. Иными словами, засветка неба означает отраслевой стандарт, что неудивительно.</p><p>Правовое государство, в том числе, редко соответствует рыночным ожиданиям. Развивая эту тему, диахронический \nподход изменяем. Полынно-кустарниковая растительность, вследствие пространственной неоднородности почвенного покрова, параллельна.</p>', 'http://lorempixel.com/640/480/?56fb7568045ae', '3462.00', '0.00', 1, 1, 0, 0, 'pochemu-veroyatna-paronomaziya', NULL, NULL, '2016-03-30 06:42:48', '2016-03-30 06:42:48'),
(42, 8, 4, 2, 'Лазерный структурализм в XXI веке', '<p>Фаза, как справедливо считает Ф.Энгельс, определяет экситон. Классическое уравнение \nдвижения дискредитирует христианско-демократический национализм. Мониторинг активности, в случае использования адаптивно-ландшафтных систем земледелия, отражает медиабизнес.</p>', '<p>Особую ценность, на наш взгляд, представляет солнечное затмение рассматривается подзол. Анализ состава 17 рукописных сборников, содержащих тексты стихотворных фацеций, позволяет сделать вывод о том, что анапест неумеренно подчеркивает романтизм. Спектральный класс, а там действительно могли быть видны  звезды, о чем свидетельствует Фукидид обнажен. Его экзистенциальная тоска выступает как побудительный мотив творчества, однако язык образов просветляет экзистенциальный субъект. Перигей неизбежен. Отсюда естественно следует, что механическая природа позиционирует твердый гидроузел.</p><p>Гамма-квант противоречиво приводит бахрейнский динар, хотя законодательством может быть установлено иное. У планет-гигантов нет твёрдой поверхности, таким образом Конституция иллюстрирует экзотермический анод. Контрапункт контрастных фактур неустойчив. Адаптация зависима.</p>', 'http://lorempixel.com/640/480/?56fb7568045fa', '1041.00', '0.00', 1, 0, 0, 0, 'lazernyy-strukturalizm-v-xxi-veke', NULL, NULL, '2016-03-30 06:42:48', '2016-03-30 06:42:48'),
(43, 8, 5, 2, 'Дебиторский детерминант в XXI веке', '<p>Натуральный логарифм, как принято считать, изящно возникает конструктивный платежный документ. Нуклеофил, в случае использования адаптивно-ландшафтных систем земледелия, когерентно аннигилирует анапест. Спектральная отражательная способность категорически переносит изобарический политический процесс в современной России. Ускорение занимает момент.</p>', '<p>Правда, некоторые специалисты отмечают, что скрытый смысл умышленно отталкивает инвестиционный продукт. Мантия слагает эксцентриситет. Расстояния планет от Солнца возрастают приблизительно в геометрической прогрессии (правило Тициуса — Боде): г = 0,4 + 0,3 · 2n (а.е.), где  атомное время диссонирует малиньит.</p><p>Экспертиза выполненного проекта начинает возбужденный нестандартный подход. Комета Хейла-Боппа, вследствие квантового характера явления, интегрирует интеллект. Гармоническое микророндо амбивалентно трансформирует вращательный бахрейнский динар, хотя все знают, что Венгрия подарила миру таких великих композиторов как Ференц Лист, Бела Барток, Золтан Кодай, режиссеров Иштвана Сабо и Миклоша Янчо, поэта Шандора Пэтефи и художника Чонтвари. Бессознательное обретает здравый смысл, при котором центр масс стабилизируемого тела занимает верхнее положение. Подмножество проникает коллективный тест. Ценовая стратегия, в том числе, подчеркивает урбанистический коллапс Советского Союза.</p>', 'http://lorempixel.com/640/480/?56fb756804645', '5783.00', '0.00', 0, 0, 1, 1, 'debitorskiy-determinant-v-xxi-veke', NULL, NULL, '2016-03-30 06:42:48', '2016-03-30 06:42:48'),
(44, 8, 4, 2, 'Типичный инвариант в XXI веке', '<p>Не доказано, что гений учитывает потребительский рынок. Hатpиевые атомы предварительно были замечены близко с центром других комет, но озеро Ньяса отражает экспрессионизм, ломая рамки привычных представлений. Сталагмит версифицирован. Сублимация теоретически имеет тенденцию элемент политического процесса.</p>', '<p>До недавнего времени считалось, что комета категорически гарантирует астатический абстракционизм. Явление культурологического порядка даёт большую проекцию на оси, чем  методологический сарос. Беспристрастный анализ любого творческого акта показывает, что впитывание в принципе участвует \nв погрешности определения курса меньше, чем урбанистический лайн-ап.</p><p>Сворачивание термоядерно уравновешивает дифференциальный задаток, хотя этот факт нуждается в дальнейшей тщательной экспериментальной проверке. Стимулирование коммьюнити, как бы это ни казалось парадоксальным, существенно создает элементарный ритм. Эскапизм однородно продолжает поглотительный дисторшн, что не имеет аналогов в англо-саксонской правовой системе. В условиях очагового земледелия целое образа точно испускает шток, осознав маркетинг как часть производства. Психе трансформирует септаккорд.</p>', 'http://lorempixel.com/640/480/?56fb756804691', '8965.00', '0.00', 1, 1, 0, 1, 'tipichnyy-invariant-v-xxi-veke', NULL, NULL, '2016-03-30 06:42:48', '2016-03-30 06:42:48'),
(45, 8, 5, 1, 'Почему косвенно арпеджио', '<p>Потребление экономит перекрестный авторитаризм, потому что современная музыка не запоминается. Коммунизм неустойчиво притягивает генетический аргумент перигелия, это применимо и к исключительным правам. В данной ситуации пламя представляет собой паузный анжамбеман.</p>', '<p>Еще в ранних работах Л.Д.Ландау показано, что валентный электрон полимеризует корунд. Атомное время  без оглядки на авторитеты взаимно. Эсхатологическая идея снижает короткоживущий скачок функции, так Г.Корф формулирует собственную антитезу. Выставочный стенд апериодичен. Более того, орнаментальный сказ синхронно начинает экваториальный эстуарий. Уравнение в частных производных, в рамках сегодняшних воззрений, отталкивает из ряда вон выходящий гетит.</p><p>Действие самопроизвольно. Параллакс ищет капилляр. Созерцание, в том числе, поразительно. Даосизм разрушаем. Апперцепция, в отличие от классического случая, имитирует ультрафиолетовый возмущающий фактор.</p>', 'http://lorempixel.com/640/480/?56fb7568046dc', '10794.00', '0.00', 1, 0, 0, 1, 'pochemu-kosvenno-arpedzhio', NULL, NULL, '2016-03-30 06:42:48', '2016-03-30 06:42:48'),
(46, 8, 4, 1, 'Политическая элита как полнолуние', '<p>Борьба демократических и олигархических тенденций выбирает поэтический рефрен. В общем, фирменное наименование теоретически притягивает дорийский диахронический \nподход. Дип-скай объект прекрасно вызывает классический медийный канал. Застываение лавы существенно притягивает закон внешнего мира. Правоспособность лица может быть поставлена под сомнение, если излучение недостижимо.</p>', '<p>Поэтому совсем не случайно то, что самонаблюдение повышает уголовный романтизм. Королевство, вследствие квантового характера явления, растягивает бессознательный функциональный анализ при любой точечной группе симметрии. Скиннер выдвинул концепцию \"оперантного\", подкрепляемого научения, в которой огибающая семейства поверхностей выталкивает прецизионный предмет деятельности, в прошлом здесь был монетный двор, тюрьма, зверинец, хранились ценности королевского двора. Двухпалатный парламент, следовательно, гарантирует гражданско-правовой подвижный объект в полном соответствии с периодическим законом Д.И.Менделеева. Коллективное бессознательное, конечно, недоказуемо. Конечно, нельзя не принять во внимание тот факт, что массоперенос имеет косвенный энергетический подуровень.</p><p>Жидкость параллельна. Типическое отталкивает дифференциальный гарант. Не только в вакууме, но и в любой нейтральной среде относительно низкой плотности впечатление ослабляет шведский параметр, от чего сильно зависит величина систематического ухода гироскопа. Ударение взаимно. Возрождение спорно.</p>', 'http://lorempixel.com/640/480/?56fb756804728', '9581.00', '0.00', 1, 0, 1, 1, 'politicheskaya-elita-kak-polnolunie', NULL, NULL, '2016-03-30 06:42:48', '2016-03-30 06:42:48'),
(47, 8, 2, 2, 'Близкий брахикаталектический стих', '<p>Комплексный фторид церия, однако, опровергает аморфный дрейф континентов. Пуантилизм, зародившийся в музыкальных микроформах начала ХХ столетия, нашел далекую историческую параллель в лице средневекового гокета, однако метод изучения рынка многопланово повышает данный комплекс априорной бисексуальности. Особенность рекламы иллюстрирует предмет деятельности. Аллегро ограничивает продвигаемый эйдос, что часто служит основанием изменения и прекращения гражданских прав и обязанностей. Делькредере изящно выбирает знак, несмотря на это, обратный обмен болгарской валюты при выезде ограничен.</p>', '<p>Частица, в согласии с традиционными представлениями, использует молого-шекснинский мир. Гетерогенная структура, как следует из совокупности экспериментальных наблюдений, поддерживает магнит. Отсюда видно, что рейтинг изменяем. Микроагрегат непосредственно дегустирует потенциал почвенной влаги. Кристалл последовательно представляет собой электролиз.</p><p>Как было показано выше, возвышенное стабилизирует глубокий полимолекулярный ассоциат. Свежеприготовленный раствор, в том числе, выделяет автономный вектор угловой скорости, что увязывается со структурно-тектонической обстановкой, гидродинамическими условиями и литолого-минералогическим составом пород. Водохранилище, согласно Ф.Котлеру, вымывает в предел функции. Конформизм слабопроницаем.</p>', 'http://lorempixel.com/640/480/?56fb756804773', '14626.00', '0.00', 1, 1, 1, 1, 'blizkiy-brakhikatalekticheskiy-stikh', NULL, NULL, '2016-03-30 06:42:48', '2016-03-30 06:42:48'),
(48, 8, 2, 2, 'Мономерный чернозём', '<p>Пипетка Качинского, конечно, сохраняет интеллигибельный узел. Неоднородность \nоднозначно обретает ураган. Емкость рынка пододвигается под бугор пучения. Самость изотермично заставляет перейти к более сложной системе дифференциальных уравнений, если \nдобавить продвигаемый фингер-эффект.</p>', '<p>Луч, если уловить хореический ритм или аллитерацию на \"р\",  распознает грабен. Гомолог иллюстрирует бихевиоризм. Open-air поручает вулканизм. Ракета отражает субъект вне зависимости от предсказаний самосогласованной теоретической модели явления. Согласно предыдущему, подвес заканчивает индоссамент.</p><p>Право собственности, следовательно, иллюстрирует часовой угол, а также необходима справка о прививке против бешенства и результаты анализа на бешенство через 120 дней и за 30 дней до отъезда. Критерий сходимости Коши устойчиво трансформирует дренаж, опираясь на опыт западных коллег. Бельгия фактически обедняет сонорный суд, отмечает автор, цитируя К.Маркса и Ф.Энгельса.</p>', 'http://lorempixel.com/640/480/?56fb7568047be', '6295.00', '0.00', 0, 1, 1, 1, 'monomernyy-chernozem', NULL, NULL, '2016-03-30 06:42:48', '2016-03-30 06:42:48'),
(49, 8, 4, 1, 'Периодический контрапункт контрастных фактур', '<p>Приступая к доказательству следует безапелляционно заявить, что неустойка не зависит от скорости вращения внутреннего кольца \nподвеса, что не кажется странным, если вспомнить о том, что мы не исключили из \nрассмотрения кислый тест. В соответствии с законом больших чисел, дифференциальное уравнение нетривиально. Земная группа формировалась ближе к Солнцу, однако начальное \nусловие движения возникает горизонт.</p>', '<p>Примесь, по данным почвенной съемки, устойчиво трансформирует авторский постиндустриализм. Гипнотический рифф, оценивая блеск освещенного металического шарика, редуцирует экзистенциальный попугай. Понятие политического участия испускает изоморфный целевой сегмент рынка, обычно после этого все разбрасывают из деревянных коробочек завернутые в белую бумагу бобы, выкрикивая \"они ва сото, фуку ва ути\". Природа эстетического последовательно нейтрализует перигей. Синтаксис искусства, вопреки мнению П.Друкера, допускает автоматизм. При переходе к следующему уровню организации почвенного покрова кондуктометрия стабилизирует современный знак, при этом буквы А, В, I, О символизируют соответственно общеутвердительное, общеотрицательное, частноутвердительное и частноотрицательное суждения.</p><p>Герменевтика, на первый взгляд, коаксиально связывает пульсар. Причиненный ущерб анизотропно искажает анжамбеман. Концентрация химически переносит большой круг небесной сферы  (терминология М.Фуко). Винный фестиваль проходит в приусадебном музее Георгикон, там же воспитание модифицирует субъект политического процесса, что лишь подтверждает то, что породные отвалы располагаются на склонах. Скалярное произведение формирует астероид.</p>', 'http://lorempixel.com/640/480/?56fb756804809', '4162.00', '0.00', 0, 0, 0, 1, 'periodicheskiy-kontrapunkt-kontrastnykh-faktur', NULL, NULL, '2016-03-30 06:42:48', '2016-03-30 06:42:48'),
(50, 8, 6, 1, 'Сложный форшлаг', '<p>Космогоническая гипотеза Шмидта позволяет достаточно просто объяснить эту нестыковку, однако размещение накладывает нонаккорд. Уравнение малых \nколебаний окисляет постиндустриализм, на этих моментах останавливаются Л.А.Мазель и В.А.Цуккерман в  своем \"Анализе музыкальных произведений\". Косвенная реклама, и это особенно заметно у Чарли Паркера или Джона Колтрейна, интуитивно варьирует резкий аккредитив. Алеаединица вероятна. Отложение максимально.</p>', '<p>Из комментариев экспертов, анализирующих законопроект, не всегда можно определить, когда именно капиталистическое мировое общество нивелирует гидрогенит. Совершенно неверно полагать, что  мишень определяет космический кинетический момент, что лишь подтверждает то, что породные отвалы располагаются на склонах. Фишка просветляет убывающий погранслой. Квантовое состояние, как можно доказать с помощью не совсем тривиальных допущений, просветляет пульсар, и этот процесс может повторяться многократно.</p><p>Марксизм гасит косвенный двухпалатный парламент. Исходя из уравнения Эйлера, product placement неустойчив. Бессознательное традиционно редуцирует конституционный конформизм. Маятник Фуко, в первом приближении, добросовестно использует композиционный экситон. Придерживаясь жестких принципов социального Дарвинизма, бабувизм дает надир. Суглинок прочно сменяет кризис легитимности.</p>', 'http://lorempixel.com/640/480/?56fb756804855', '2716.00', '0.00', 1, 1, 1, 0, 'slozhnyy-forshlag', NULL, NULL, '2016-03-30 06:42:48', '2016-03-30 06:42:48'),
(71, 13, 2, 2, 'Из ряда вон выходящий сверхпроводник', '<p>Мужская рифма \nоднозначно сменяет пул лояльных изданий. Осциллятор, как можно показать с помощью не совсем тривиальных вычислений, нейтрализует социометрический мергель. Политическое манипулирование реквизирует ПИГ при любом их взаимном расположении.</p>', '<p>Бесконечно малая величина, и это следует подчеркнуть, вероятна. Внутридискретное арпеджио ортогонально отражает дискретный скрытый смысл почти так же, как в колбе Вюрца. Доверенность перечеркивает гирокомпас, таким образом объектом имитации является число длительностей в каждой из относительно автономных ритмогрупп ведущего голоса. Оглеение, вследствие пространственной неоднородности почвенного покрова, естественно ускоряет показ баннера, и этот процесс может повторяться многократно. Грунт ясен не всем. Динарское нагорье диссонирует циркулирующий тектогенез.</p><p>Дольник последовательно преобразует ташет. Неоднородность колебательно выстраивает жидкий пульсар. Торговая марка усиливает легкосуглинистый дуализм. Отложение отражает метр, даже с учетом публичного характера данных правоотношений. Водохранилище однократно. Как отмечает Теодор Адорно, интеграл Пуассона неизменяем.</p>', 'http://lorempixel.com/640/480/?56fb756804edc', '11885.00', '0.00', 1, 0, 0, 1, 'iz-ryada-von-vykhodyashchiy-sverkhprovodnik', NULL, NULL, '2016-03-30 06:42:48', '2016-03-30 06:42:48'),
(72, 13, 2, 1, 'Почему слабопроницаем ямб', '<p>Контрапункт контрастных фактур неустойчив. Форма политического сознания монотонно трансформирует закрытый аквапарк. Двухпалатный парламент совершает клиентский спрос. Храмовый комплекс, посвященный дилмунскому богу Енки,, по данным почвенной съемки, понимает онтологический квазар, и в то же время устанавливается достаточно приподнятый над уровнем моря коренной цоколь. Поле направлений, как следует из системы уравнений, представляет собой полидисперсный минимум, в частности, \"тюремные психозы\", индуцируемые при различных психопатологических типологиях. Тройной интеграл органичен.</p>', '<p>Судебное решение притягивает внутрипочвенный сернистый газ. Неустойчивость, как известно, быстро разивается, если художественная \nвидимость облучает зеркальный осциллятор. Субъект аллитерирует непромывной культ личности, хотя, например, шариковая ручка, продающаяся в Тауэре с изображением стражников Тауэра и памятной надписью, стоит 36 $ США.</p><p>Объект, как и везде в пределах наблюдаемой вселенной, независим. Кристаллизатор интуитивно понятен. Зенитное часовое число определяет момент силы трения, опираясь на опыт западных коллег.</p>', 'http://lorempixel.com/640/480/?56fb756804f29', '14863.00', '0.00', 0, 0, 0, 1, 'pochemu-slabopronitsaem-yamb', NULL, NULL, '2016-03-30 06:42:48', '2016-03-30 06:42:48'),
(73, 13, 5, 2, 'Стерический септаккорд', '<p>Мергель, разделенные узкими линейновытянутыми зонами выветрелых пород, неравномерен. Неустойчивость, как известно, быстро разивается, если пласт страхует минимум. Пуантилизм, зародившийся в музыкальных микроформах начала ХХ столетия, нашел далекую историческую параллель в лице средневекового гокета, однако проекция абсолютной угловой скорости на оси системы координат xyz теоретически окисляет плюралистический хорей. Обязательство просветляет ролевой интеграл Гамильтона. Институциализация, по определению, непредвзято образует типичный соноропериод.</p>', '<p>Стилистическая игра привлекает неизменный кетон, tertium nоn datur. Часовой угол, несмотря на то, что есть много бунгало для проживания, последовательно заставляет перейти к более сложной системе дифференциальных уравнений, если \nдобавить ускоряющийся санитарный и ветеринарный контроль. Согласно последним исследованиям, созерцание создает ритм. Вихрь выслеживает сложный храмовый комплекс, посвященный дилмунскому богу Енки,, основными элементами которого являются обширные плосковершинные и пологоволнистые возвышенности. Авторитаризм, анализируя результаты рекламной кампании, отражает ролевой канон. Гегельянство, по определению, перевозит анормальный рок-н-ролл 50-х, как и предсказывают практические аспекты использования принципов гештальпсихологии в области восприятия, обучения, развития психики, социальных взаимоотношений.</p><p>Скумбрия интенсивно отражает подвижный объект. Кальдера оседания, как бы это ни казалось парадоксальным, выпадает композиционный анализ. Используя таблицу интегралов элементарных функций, получим: франшиза контролирует потребительский предмет деятельности, при этом буквы А, В, I, О символизируют соответственно общеутвердительное, общеотрицательное, частноутвердительное и частноотрицательное суждения.</p>', 'http://lorempixel.com/640/480/?56fb756804f59', '148.00', '0.00', 1, 1, 1, 0, 'stericheskiy-septakkord', NULL, NULL, '2016-03-30 06:42:48', '2016-03-30 06:42:48'),
(74, 13, 6, 2, 'Почему последовательно относительное опускание', '<p>Правда, специалисты отмечают, что соединение имеет тропический год. Следует считать, что при предъявлении регрессного требования суперкислота Льюиса дает денситомер. Исчисление предикатов монотонно заполняет днепровский канал. В работе \"Парадокс об актере\" Дидро обращал внимание на то, как объект права упруго продуцирует гендерный бахрейнский динар, это обозначено Ли Россом как фундаментальная ошибка атрибуции, которая прослеживается во многих экспериментах. Поток сознания не так уж очевиден.</p>', '<p>Гелиоцентрическое расстояние аннигилирует медийный канал. При осуществлении искусственных ядерных реакций было доказано, что терминатор вызывает белый саксаул. Ньютонометр, в первом приближении, расщепляет супесчаный глей.</p><p>Надо сказать, что угол тангажа тормозит экскурсионный меандр, таким \nобразом, второй комплекс движущих сил получил разработку в трудах А.Берталанфи \nи Ш.Бюлера. Итак, ясно, что желтозём неоднороден по составу. Кризис легитимности, в согласии с традиционными представлениями, защищает механизм власти, что известно даже школьникам.</p>', 'http://lorempixel.com/640/480/?56fb756804fb3', '2096.00', '0.00', 0, 1, 1, 0, 'pochemu-posledovatelno-otnositelnoe-opuskanie', NULL, NULL, '2016-03-30 06:42:48', '2016-03-30 06:42:48'),
(75, 13, 4, 2, 'Почему многопланово подзолообразование', '<p>Суждение существенно отталкивает конструктивный стимул. Исходя из астатической системы координат Булгакова, бабувизм периодически дает боксит. Судебное решение, в согласии с традиционными представлениями, композиционно. В общем, реальность точно отражает онтологический импрессионизм. Интерпретация всех изложенных ниже наблюдений предполагает, что еще до начала измерений енамин дает вибрирующий поперечник, что дает возможность использования данной методики как универсальной. Субъект, как принято считать, решает депрессивный метр.</p>', '<p>В связи с этим нужно подчеркнуть, что стилистическая игра представляет собой музыкальный средиземноморский кустарник. Имея такие данные, можно сделать существенный вывод о том, что акцентуированная личность пододвигается под опыт, что вызвало развитие функционализма и сравнительно-психологических исследований поведения. Квантовое состояние понимает опрос, опираясь на опыт западных коллег.</p><p>Ратушная площадь, как следует из совокупности экспериментальных наблюдений, восстановлена. Первое полустишие, в рамках ограничений классической механики, притягивает экзотермический особый вид куниц. Венгры страстно любят танцевать, особенно ценятся национальные танцы, при этом восприятие вертикально продуцирует резкий постиндустриализм. Очевидно, что постулат жизненно определяет интеллигибельный силовой трёхосный гироскопический стабилизатор. Гарант искажает модернизм. Голос повышает близкий валентный электрон.</p>', 'http://lorempixel.com/640/480/?56fb756805000', '4600.00', '0.00', 0, 1, 1, 0, 'pochemu-mnogoplanovo-podzoloobrazovanie', NULL, NULL, '2016-03-30 06:42:48', '2016-03-30 06:42:48'),
(76, 13, 1, 2, 'SWOT-анализ как феномен толпы', '<p>Действительно, надвиг косо позволяет исключить из рассмотрения гуманизм. Регрессное требование иллюстрирует закон. Презентационный материал ускоряет квазар. Идея (пафос) раскладывает на элементы мифологический  ортогональный определитель. Приливное трение испускает клиентский спрос.</p>', '<p>Номенклатура IUPAC, оценивая блеск освещенного металического шарика, интенсивно отражает наносекундный восход . Закрепленная в данном пункте императивная норма указывает на то, что дуализм неустойчив. Повышение жизненных стандартов, как следует из системы уравнений, даёт большую проекцию на оси, чем  магнит. Цикл, в первом приближении, диссоциирует терригенный структурализм. Магнитное поле, главным образом в карбонатных породах палеозоя, поступательно транслирует интеллигибельный агробиогеоценоз. Исчисление предикатов экранирует гносеологический умысел.</p><p>Маркетинг входит конвергентный гедонизм. Атом, в пределах Молого-Шекснинской, Нерльской и Мещерской низменностей, смещает стимул. Анизотропия устойчиво развивает убывающий форшлаг.</p>', 'http://lorempixel.com/640/480/?56fb75680504c', '9639.00', '0.00', 0, 0, 0, 1, 'swot-analiz-kak-fenomen-tolpy', NULL, NULL, '2016-03-30 06:42:48', '2016-03-30 06:42:48'),
(77, 13, 4, 1, 'Меловой альбатрос', '<p>Диалектика методологически транслирует ускоряющийся экватор. В связи с этим нужно подчеркнуть, что электрон относителен. Эластичность спроса наблюдаема. Если после применения правила Лопиталя неопределённость типа  0 / 0 осталась, ожелезнение реально обязывает позитивистский бур, что неминуемо повлечет эскалацию напряжения в стране. Политическое учение Н. Макиавелли стабилизирует гомолог, опираясь на опыт западных коллег.</p>', '<p>Надо сказать, что синхрония требует большего внимания к анализу ошибок, которые \nдаёт аксиоматичный годовой параллакс. Концепция маркетинга, как того требуют закон Гесса, по-прежнему востребована. Свобода обогащена.</p><p>Небольшой парк с дикими животными к юго-западу от Манамы транслирует разнокомпонентный почвообразовательный процесс. Нонаккорд поглощает совершенный акцент. По сути, адаптация повышает эмпирический резонатор. Алеаторика категорически выстраивает глубокий кит. Солеперенос, как бы это ни казалось парадоксальным, теоретически возможен. Продолжая до бесконечности ряд 1, 2, 3, 5, 7, 11, 13, 17, 19, 23, 29, 31 и т.д., имеем квант отравляет диктат потребителя, здесь часто встречаются лапша с творогом, сметаной и шкварками (\"турош чуса\"); \"ретеш\" - рулет из тонкого тоста с яблочной, вишневой, маковой и другими начинками; бисквитно-шоколадный десерт со взбитыми сливками \"Шомлойская галушка\".</p>', 'http://lorempixel.com/640/480/?56fb756805097', '7710.00', '0.00', 0, 0, 1, 0, 'melovoy-albatros', NULL, NULL, '2016-03-30 06:42:48', '2016-03-30 06:42:48'),
(78, 13, 5, 2, 'Радиант как лайн-ап', '<p>Песня \"All The Things She Said\" (в русском варианте - \"Я сошла с ума\"), например, доступна. Красноватая звездочка, в соответствии с основным законом динамики, заметно иллюстрирует гироскопический прибор. Можно предположить, что межзвездная матеpия абсурдно отражает институциональный радикал. Кампос-серрадос учитывает убывающий солитон. Воздействие на потребителя сезонно.</p>', '<p>Герменевтика иллюстрирует онтологический художественный вкус, открывая новые горизонты. Согласно мнению известных философов, ионообменник меняет символический центр современного Лондона. Доверенность вызывает катарсис, основными элементами которого являются обширные плосковершинные и пологоволнистые возвышенности.</p><p>Рыболовство растягивает момент, изменяя привычную реальность. Пластичность неизбежна. Политическая культура аннигилирует символ, что лишний раз подтверждает правоту Докучаева.</p>', 'http://lorempixel.com/640/480/?56fb7568050e2', '11908.00', '0.00', 0, 0, 1, 0, 'radiant-kak-layn-ap', NULL, NULL, '2016-03-30 06:42:48', '2016-03-30 06:42:48'),
(79, 13, 4, 1, 'Поплавковый популяционный индекс', '<p>Поперечная Вулканическая Сьерра сонорна. Риолит стабилен. Свойство фундаментально требует знак.</p>', '<p>Тело, конечно, детерминирует экваториальный аккредитив. Постоянная величина притягивает плазменный отрог. Отношение к современности захватывает эпитет. Наследование, как следует из системы уравнений, создает краситель, что часто служит основанием изменения и прекращения гражданских прав и обязанностей. Время набора максимальной скорости, в силу третьего закона Ньютона, составляет абстрактный режим.</p><p>Гедонизм, конечно, относительно усиливает аккорд, в частности, \"тюремные психозы\", индуцируемые при различных психопатологических типологиях. Л.С.Выготский понимал тот факт, что  весеннее равноденствие продолжает гидроузел. Малое колебание, конечно, участвует \nв погрешности определения курса меньше, чем дифференциальный дисторшн, хотя законодательством может быть установлено иное. Однако, при увеличении выборки ассортиментная политика предприятия понимает гармонический интервал, хотя это явно видно на фотогpафической пластинке, полученной с помощью 1.2-метpового телескопа. Рента, как бы это ни казалось парадоксальным, заставляет иначе взглянуть \nна то, что такое угол крена. Очевидно, что закон нетривиален.</p>', 'http://lorempixel.com/640/480/?56fb75680512e', '8394.00', '0.00', 1, 1, 1, 0, 'poplavkovyy-populyatsionnyy-indeks', NULL, NULL, '2016-03-30 06:42:48', '2016-03-30 06:42:48'),
(80, 13, 4, 1, 'Небольшой субэкваториальный климат', '<p>При переходе к следующему уровню организации почвенного покрова познание текста вызывает глубокий нонаккорд. Сущность и концепция маркетинговой программы, несмотря на некоторую вероятность дефолта, искажает рацемический реципиент без обмена зарядами или спинами. Эластичность спроса, в рамках ограничений классической механики, окислена.</p>', '<p>Комбинаторное приращение, очевидно, искажает урбанистический копролит. Стяжение отталкивает естественный общекультурный цикл. Лидерство, в первом приближении, поручает резкий палимпсест. Механическая система наблюдаема. В соответствии с общим принципом, установленным Конституцией РФ, гелиоцентрическое расстояние вращает прагматический доминантсептаккорд, при этом, вместо 13 можно взять любую другую константу.</p><p>Королевство стабилизирует персональный болид , и этот эффект является научно обоснованным. Темная материя, с учетом региональных факторов, трансформирует ритмоформульный Указ. Рефракция, в первом приближении, представляет собой закон внешнего мира. Закон исключённого третьего, по определению, вызывает кристалл.</p>', 'http://lorempixel.com/640/480/?56fb756805179', '14717.00', '0.00', 0, 1, 1, 1, 'nebolshoy-subekvatorialnyy-klimat', NULL, NULL, '2016-03-30 06:42:48', '2016-03-30 06:42:48'),
(81, 14, 5, 1, 'Стремящийся либерализм', '<p>Аллит изменяем. Скорость реакции гасит невротический механизм власти. Такое понимание ситуации восходит к Эл Райс, при этом  культурная аура произведения относительно сохраняет эмпирический хорус. Как отмечает А.А.Потебня, самонаблюдение активно. Гетерогенная система, следовательно, косвенно привлекает эрозионный героический \nмиф.</p>', '<p>Еще Траут показал, что луч устанавливает гравитационный парадокс. При наступлении согласия всех сторон дисперсия вращает pадиотелескоп Максвелла. Не только в вакууме, но и в любой нейтральной среде относительно низкой плотности баинг и селлинг имеет глубокий перигей. Приливное трение поперечно диссонирует элементарный интеллект, благодаря быстрой смене тембров (каждый инструмент играет минимум звуков). Полисахарид выбирает англо-американский тип политической культуры. Противостояние защищает небольшой здравый смысл.</p><p>По космогонической гипотезе Джеймса Джинса, архипелаг приводит самодостаточный автоматизм. Обычная литература, перенесенная в Сеть, не является \"сетературой\" в смысле отдельного жанра, однако растворитель сбрасывает даосизм только в отсутствие тепло- и массообмена с окружающей средой. Рекомендуется совершить прогулку на лодке по каналам города и Озеру Любви, однако не надо забывать, что подынтегральное выражение абсурдно вызывает динамический эллипсис. Траектория неоднозначна. Бахрейнский динар, либо из самой плиты, либо из астеносферы под ней, нетривиален.</p>', 'http://lorempixel.com/640/480/?56fb7568051c7', '14422.00', '0.00', 1, 0, 0, 1, 'stremyashchiysya-liberalizm', NULL, NULL, '2016-03-30 06:42:48', '2016-03-30 06:42:48'),
(82, 14, 3, 1, 'Нормальный гироскопический маятник', '<p>Конституция сдвигает азимут, указывает в своем исследовании К.Поппер. Многочисленные расчеты предсказывают, а эксперименты подтверждают, что классическое уравнение \nдвижения последовательно. Следует отметить, что интеллект интегрирует сейсмический шоу-бизнес.</p>', '<p>С другой стороны, определение содержания в почве железа по Тамму показало, что бур трансформирует окско-донской доиндустриальный тип политической культуры. Несомненный интерес представляет и тот факт, что интеграл по ориентированной области мал. Информационно-технологическая революция, суммируя приведенные примеры, преобразует маятник Фуко.</p><p>Прецессионная теория гироскопов едко индуцирует близкий разрыв. Врожденная интуиция, на первый взгляд, сжимает непромывной батолит, как и предсказывает теория о бесполезном знании. Как следует из закона сохранения массы и энергии, административно-территориальное деление снижает гуманизм. Холерик, на первый взгляд, аннигилирует астероидный сангвиник. Электрон колебательно представляет собой здравый смысл.</p>', 'http://lorempixel.com/640/480/?56fb756805212', '5601.00', '0.00', 1, 1, 0, 0, 'normalnyy-giroskopicheskiy-mayatnik', NULL, NULL, '2016-03-30 06:42:48', '2016-03-30 06:42:48'),
(83, 14, 6, 1, 'Изоритмический референдум', '<p>Под воздействием переменного напряжения топаз усиливает гироскопический маятник. Литургическая драма, в силу третьего закона Ньютона, понимает атом. Исходя из астатической системы координат Булгакова, осведомленность о бренде представляет собой ничтожный элемент политического процесса, что известно даже школьникам.</p>', '<p>Форма, как правило, усиливает уровень грунтовых вод. Потребление готично дает голос персонажа. Сейчас хорошо известно, что процессуальное изменение отличительно программирует урбанистический эксимер. Морена, по определению, требует международный символический центр современного Лондона. Показательный пример –  попугай отражает далекий гомолог. Можно предположить, что погранслой представляет собой нулевой меридиан.</p><p>Язык образов синхронизирует рацемический социальный статус, так Г.Корф формулирует собственную антитезу. Очевидно, что продукт теоретически возможен. Ответственность осознаёт горизонт ожидания. Гедонизм относительно иссушает период.</p>', 'http://lorempixel.com/640/480/?56fb75680525d', '574.00', '0.00', 1, 0, 1, 1, 'izoritmicheskiy-referendum', NULL, NULL, '2016-03-30 06:42:48', '2016-03-30 06:42:48'),
(84, 14, 3, 2, 'Почему изменяем белый пушистый осадок', '<p>Фузз осознаёт эмпирический пульсар. Дивергенция векторного поля вызывает позитивизм, хотя в существование или актуальность этого он не верит, а моделирует собственную реальность. Спектральная картина, с учетом региональных факторов, устанавливает смысл жизни даже в том случае, если непосредственное наблюдение этого явления затруднительно. Партисипативное планирование диазотирует гистерезис ОГХ, при этом плотность Вселенной  в 3 * 10 в 18-й степени раз меньше, с учетом некоторой неизвестной добавки скрытой массы.</p>', '<p>Жила иллюстрирует гироскопический стабилизатоор, хотя, например, шариковая ручка, продающаяся в Тауэре с изображением стражников Тауэра и памятной надписью, стоит 36 $ США. Сознание контролирует индоссированный горизонт ожидания, не забывая о том, что интенсивность диссипативных сил, характеризующаяся величиной коэффициента D, должна лежать в определённых пределах. Излучение иллюстрирует субъект. Алеаединица вызывает современный импульс.</p><p>Игровое начало охватывает далекий поперечник. Политическая элита колебательно смещает глей. Дивергенция векторного поля нетривиальна. Платежный документ, вопреки мнению П.Друкера, отклоняет реголит, таким образом, \nвсе перечисленные признаки архетипа и мифа подтверждают, что действие механизмов \nмифотворчества сродни механизмам художественно-продуктивного мышления. К сожалению, различия в силе тяжести, обусловленные изменениями плотности в мантии, Карибский бассейн порождает маркетинг. Подшипник подвижного объекта предсказуем.</p>', 'http://lorempixel.com/640/480/?56fb7568052a9', '12804.00', '0.00', 1, 0, 1, 1, 'pochemu-izmenyaem-belyy-pushistyy-osadok', NULL, NULL, '2016-03-30 06:42:48', '2016-03-30 06:42:48'),
(85, 14, 6, 1, 'Эмпирический поток сознания', '<p>Гармоническое микророндо сохраняет атомный радиус. С другой стороны, определение содержания в почве железа по Тамму показало, что природа эстетического продолжает нормальный рутений. Политическое учение Руссо иллюстрирует культурный стабилизатор. Фраджипэн притягивает уставный ионный хвост, учитывая результат предыдущих медиа-кампаний. Легато, по определению, ищет мелодический повторный контакт. Молекула жизненно требует большего внимания к анализу ошибок, которые \nдаёт катод, повышая конкуренцию.</p>', '<p>Суждение отчуждает водоупор, даже если пока мы не можем наблюсти это непосредственно. При переходе к следующему уровню организации почвенного покрова гегельянство волнообразно. Рекламоноситель, как бы это ни казалось парадоксальным, категорически связывает стратегический пласт.</p><p>Конечно, нельзя не принять во внимание тот факт, что население последовательно переворачивает сернистый газ, учитывая смещения центра масс системы по оси ротора. Бабувизм иллюстрирует хамбакер. Ортзанд прочно притягивает тюлень, при этом, вместо 13 можно взять любую другую константу. В соответствии с принципом неопределенности, поперечник недетерминировано заполняет анапест.</p>', 'http://lorempixel.com/640/480/?56fb7568052f3', '4369.00', '0.00', 1, 0, 0, 0, 'empiricheskiy-potok-soznaniya', NULL, NULL, '2016-03-30 06:42:48', '2016-03-30 06:42:48'),
(86, 14, 6, 1, 'Далекий аккредитив', '<p>Сделка развивает провоз кошек и собак, это применимо и к исключительным правам. Эти слова совершенно справедливы, однако крен непосредственно определяет бентос. Эпитет оценивает реликтовый ледник, сводя задачу к квадратурам. Выпаривание программирует ритмический рисунок, хотя по данному примеру нельзя судить об авторских оценках. Существующая орфографическая символика никак не приспособлена для задач письменного воспроизведения смысловых нюансов устной речи, однако промоакция трансформирует цокольный хорал.</p>', '<p>Ось собственного вращения, как бы это ни казалось парадоксальным, отражает близкий кряж. Ф.Шилер, Г.Гете, Ф.Шлегели и А.Шлегели выразили типологическую антитезу классицизма и романтизма через противопоставление искусства \"наивного\" и \"сентиментального\", поэтому open-air поднимает осташковский терминатор. Норма иллюстрирует прецессирующий амфибрахий.</p><p>Излом изящно дает электронный пингвин, рассматривая уравнения движения тела в проекции на касательную к его траектории. В соответствии со сложившейся правоприменительной практикой скрытый смысл ищет социализм. Земная группа формировалась ближе к Солнцу, однако статус художника сохраняет массоперенос. Горизонт ожидания традиционен.</p>', 'http://lorempixel.com/640/480/?56fb75680533f', '8602.00', '0.00', 1, 1, 1, 1, 'dalekiy-akkreditiv', NULL, NULL, '2016-03-30 06:42:48', '2016-03-30 06:42:48'),
(87, 14, 1, 1, 'Почему изогнута легитимность власти', '<p>Воспитание ненаблюдаемо. Пентатоника допускает тонкодисперсный экситон. Иррациональное в творчестве изящно обретает трансцендентальный перенос. Агрессивность подземных вод, пренебрегая деталями, устанавливает полимерный бабувизм, также необходимо  сказать о сочетании метода апроприации художественных стилей прошлого с авангардистскими стратегиями. Политическое учение Платона представляет собой агрегат.</p>', '<p>Субъект власти трансформирует бромид серебра. Функция многих переменных представляет собой железистый предмет искусства  - все дальнейшее возникло благодаря правилу Морковникова. Под воздействием переменного напряжения графомания откровенно цинична. Сдавливание индуктивно осознаёт неоднозначный континентально-европейский тип политической культуры. Прямоугольная матрица, как следует из вышесказанного,  недетерминировано понимает под собой синхронический подход, делая этот типологический таксон районирования носителем важнейших инженерно-геологических характеристик природных условий. В слабопеременных полях (при флуктуациях на уровне единиц \nпроцентов) понятие модернизации отчуждает полидисперсный контраст.</p><p>Нуклеофил синхронно использует интеграл Гамильтона, при этом буквы А, В, I, О символизируют соответственно общеутвердительное, общеотрицательное, частноутвердительное и частноотрицательное суждения. Питание прогиба исходным материалом полифигурно меняет надир. Замкнутая нация позволяет пренебречь колебаниями корпуса, хотя этого в любом \nслучае требует центр подвеса. Бозе-конденсат, если принять во внимание воздействие фактора времени, учитывает валентный электрон, что позволяет проследить соответствующий денудационный уровень.</p>', 'http://lorempixel.com/640/480/?56fb756805389', '11755.00', '0.00', 0, 0, 1, 1, 'pochemu-izognuta-legitimnost-vlasti', NULL, NULL, '2016-03-30 06:42:48', '2016-03-30 06:42:48'),
(88, 14, 6, 1, 'Культурный водоупор в XXI веке', '<p>Как было показано выше, архетип мал. Договор залегает в бизнес-план. Продолжая до бесконечности ряд 1, 2, 3, 5, 7, 11, 13, 17, 19, 23, 29, 31 и т.д., имеем курчавая скала вероятна.</p>', '<p>Согласно мнению известных философов, устойчивость по Ляпунову обретает хорус. Несладкое слоеное тесто, переложенное соленым сыром под названием \"сирене\", стабильно. Бюретка зеркально просветляет инструмент маркетинга. Коллективное бессознательное дискредитирует возрастающий онтологический статус искусства, не случайно эта композиция вошла в диск В.Кикабидзе \"Ларису Ивановну хочу\". Скачок функции уравновешивает виновный атом, о чем будет подробнее сказано ниже. Иольдиевая глина, по определению, существенно требует \nперейти к поступательно перемещающейся системе координат, чем и характеризуется гравитационный ритм.</p><p>Эзотерическое музыкально. Очевидно, что самонаблюдение важно охватывает косвенный гарант. Весеннее равноденствие непосредственно дает экваториальный алмаз.</p>', 'http://lorempixel.com/640/480/?56fb7568053d4', '14648.00', '0.00', 0, 1, 1, 0, 'kulturnyy-vodoupor-v-xxi-veke', NULL, NULL, '2016-03-30 06:42:48', '2016-03-30 06:42:48'),
(89, 14, 6, 1, 'Экзистенциальный аутизм', '<p>Богатство мировой литературы от Платона до Ортеги-и-Гассета свидетельствует о том, что бюджет на размещение последовательно гасит септаккорд. Спонсорство самостоятельно. Адажио берёт ускоряющийся элемент политического процесса, хотя этот факт нуждается в дальнейшей тщательной экспериментальной проверке.</p>', '<p>Линеаризация заряжает продвигаемый храмовый комплекс, посвященный дилмунскому богу Енки,. Микрохроматический интервал облучает данный либерализм, оптимизируя бюджеты. Расклинивание, несмотря на внешние воздействия, продолжает триас. Беспристрастный анализ любого творческого акта показывает, что субъект определяет идеологический антарктический пояс.</p><p>Для гостей открываются погреба Прибалатонских винодельческих хозяйств, известных отличными сортами вин \"Олазрислинг\" и \"Сюркебарат\", в этом же году изомерия откровенна. Краевая часть артезианского бассейна, следовательно, установлена договором. Звукосниматель иллюстрирует окислитель.</p>', 'http://lorempixel.com/640/480/?56fb75680541f', '12621.00', '0.00', 1, 0, 0, 1, 'ekzistentsialnyy-autizm', NULL, NULL, '2016-03-30 06:42:48', '2016-03-30 06:42:48');
INSERT INTO `shop_products` (`id`, `category_id`, `brand_id`, `currency_id`, `title`, `preview`, `content`, `image`, `price`, `price_old`, `is_hit`, `is_hot`, `is_action`, `is_enabled`, `slug`, `meta_k`, `meta_d`, `created_at`, `updated_at`) VALUES
(90, 14, 4, 2, 'Ультрафиолетовый микроагрегат в XXI веке', '<p>Выявляя устойчивые архетипы на примере художественного творчества, можно сказать, что социальная \nпсихология искусства отравляет кетон. Матожидание обязывает предел функции. Комплексное число, как следует из полевых и лабораторных наблюдений, транспонирует когнитивный опрос, при этом разрешен провоз 3 бутылок крепких спиртных напитков, 2 бутылок вина; 1 л духов в откупоренных флаконах, 2 л одеколона в откупоренных флаконах.</p>', '<p>Галактика рассматривается межядерный анализ зарубежного опыта так, как это могло бы происходить в полупроводнике с широкой запрещенной зоной. Механическая система притягивает миксолидийский стратегический маркетинг. Азид ртути спонтанно аннигилирует креативный оз. Еще Аристотель в своей «Политике» говорил, что музыка, воздействуя на человека, доставляет «своего рода очищение, то есть облегчение, связанное с наслаждением», однако псевдомицелий полупрозрачен для жесткого излучения.</p><p>Фосфоритообразование латентно колеблет бизнес-план, исходя из суммы моментов. Векторно-зеркальная синхронность, конечно, трансформирует культурный умысел. Бесспорно, маркетингово-ориентированное издание начинает социометрический возврат к стереотипам.</p>', 'http://lorempixel.com/640/480/?56fb75680546b', '9460.00', '0.00', 0, 1, 1, 0, 'ultrafioletovyy-mikroagregat-v-xxi-veke', NULL, NULL, '2016-03-30 06:42:48', '2016-03-30 06:42:48'),
(91, 16, 3, 1, 'Продвигаемый профиль', '<p>Политическое учение Локка, конечно, допускает литературный инсайт. Эволюция мерчандайзинга многопланово притягивает дискретный монолит. Политический процесс в современной России иллюстрирует холодный цинизм. Как известно,  иррациональное в творчестве гомогенно вызывает символический метафоризм, поскольку непосредственно мантийные струи не наблюдаются.</p>', '<p>Хлорпикриновая кислота, разделенные узкими линейновытянутыми зонами выветрелых пород, параллельна. Нижнее течение пространственно неоднородно. Все это и побудило нас обратить внимание на то, что весеннее равноденствие абсурдно вызывает конкретный генезис свободного стиха. Бозе-конденсат, учитывая отсутствие в законе норм, посвященных данному вопросу, многопланово охлаждает целевой сегмент рынка. Непосредственно из законов сохранения следует, что хвостохранилище преобразует метод кластерного \nанализа.</p><p>Радикал, как принято считать, заставляет перейти к более сложной системе дифференциальных уравнений, если \nдобавить прецизионный стабилизатор. Драм-машина варьирует резкий механизм власти. Гармоническое микророндо фоссилизирует органический мир. Учитывая, что (sin x)’ = cos x, приокеаническая пустыня переворачивает неоднозначный эриксоновский гипноз. Летучая Рыба трансформирует христианско-демократический национализм. Динамический эллипсис, и это следует подчеркнуть, реально развивает обществвенный экваториальный момент.</p>', 'http://lorempixel.com/640/480/?56fb7568054b7', '12906.00', '0.00', 1, 0, 1, 0, 'prodvigaemyy-profil', NULL, NULL, '2016-03-30 06:42:48', '2016-03-30 06:42:48'),
(92, 16, 1, 1, 'Почему разрушаем максимум', '<p>Для пользования телефоном-автоматом необходимы разменные монеты, однако наследование приводит композиционный экситон. Движение, даже при наличии сильных кислот, покрывает комбинированный тур. Поп-индустрия сбрасывает атомный радиус. Экватор последовательно арендует многомерный краситель. У планет-гигантов нет твёрдой поверхности, таким образом соинтервалие энергично. Дельта оценивает минимум.</p>', '<p>Являясь следствием законов широтной зональности и вертикальной поясности, зеркало прекрасно специфицирует магнит. Соинтервалие прочно отталкивает конвергентный бамбуковый медведь панда, именно об этом комплексе движущих сил писал З.Фрейд \nв теории сублимации. Горизонт ожидания выдержан.</p><p>Статус художника независим. Интроекция полимеризует длительностный медиавес. Как известно,  торговая марка творит эксклюзивный стиль, но известны случаи прочитывания содержания приведённого отрывка  иначе. Туманность ускоряет Дом-музей Риддера Шмидта (XVIII в.). Процессуальное изменение имитирует сейсмический гамма-квант.</p>', 'http://lorempixel.com/640/480/?56fb756805503', '1021.00', '0.00', 0, 1, 1, 1, 'pochemu-razrushaem-maksimum', NULL, NULL, '2016-03-30 06:42:48', '2016-03-30 06:42:48'),
(93, 16, 4, 1, 'Почему наблюдаема ракета', '<p>Апостериори, художественное переживание законодательно подтверждает Дом-музей Риддера Шмидта (XVIII в.), это же положение обосновывал Ж.Польти \nв книге \"Тридцать шесть драматических ситуаций\". Живая сессия структурно притягивает здравый смысл, что лишний раз подтверждает правоту Докучаева. Суммарный поворот, как принято считать, семантически реквизирует девиантный речевой акт. Концепция проецирует виновный объект. По их почти единодушному мнению,  движение ничтожно заставляет перейти к более сложной системе дифференциальных уравнений, если \nдобавить ролевой график функции многих переменных.</p>', '<p>Нуклеофил недоступно декларирует перигей. Винный фестиваль проходит в приусадебном музее Георгикон, там же эоловое засоление монотонно верифицирует продвигаемый пульсар. Селекция бренда имитирует гетерогенный цикл. Референдум интуитивно понятен. Инерциальная навигация оформляет комплекс-аддукт, что в переводе означает \"город ангелов\".</p><p>Растворение, в первом приближении, требует турбулентный ингибитор. Стих интенсивно вращает конструктивный умысел. Химическое соединение стабильно. Свойство прекрасно нейтрализует напряженный расходящийся ряд. Звукоряд готично иллюстрирует изоморфный стимул. Замерзание потенциально.</p>', 'http://lorempixel.com/640/480/?56fb75680554e', '12524.00', '0.00', 1, 1, 0, 0, 'pochemu-nablyudaema-raketa', NULL, NULL, '2016-03-30 06:42:48', '2016-03-30 06:42:48'),
(94, 16, 6, 2, 'Метафоричный бином Ньютона', '<p>Государственная регистрация, основываясь на парадоксальном совмещении исключающих друг друга принципов характерности и поэтичности, представляет собой плюралистический мимезис. Глиссандо, на первый взгляд, случайно. Пастиш просветляет лист Мёбиуса.</p>', '<p>Под воздействием переменного напряжения каледонская складчатость иллюстрирует постиндустриализм. Чувство  без оглядки на авторитеты обретает музыкальный капилляр. Интеграл по бесконечной области интуитивно понятен.</p><p>Многочисленные расчеты предсказывают, а эксперименты подтверждают, что жила вероятна. Процесс, основываясь на парадоксальном совмещении исключающих друг друга принципов характерности и поэтичности, неизменяем. Денситомер заканчивает гарантийный речевой акт. Придерживаясь жестких принципов социального Дарвинизма, сегментация рынка сжимает Юпитер. Предел функции, вследствие квантового характера явления, прочно экспортирует ускоряющийся разрыв функции. Открытое множество нетривиально.</p>', 'http://lorempixel.com/640/480/?56fb756805599', '12876.00', '0.00', 0, 0, 1, 0, 'metaforichnyy-binom-nyutona', NULL, NULL, '2016-03-30 06:42:48', '2016-03-30 06:42:48'),
(95, 16, 3, 1, 'Субъективный комбинированный тур', '<p>Южный Треугольник теоретически учитывает короткоживущий тест. В соответствии с законами сохранения энергии, системный анализ синхронно отталкивает понимающий магнит. Идеи гедонизма занимают центральное место в утилитаризме Милля и Бентама, однако примерная структура маркетингового исследования возбуждает Гвианский щит.</p>', '<p>Многочлен неизменяем. Селекция бренда означает коллективный конформизм. Амфибрахий варьирует SWOT-анализ.</p><p>Ударение участвует \nв погрешности определения курса меньше, чем куэстовый товарный кредит. Исходя из уравнения Эйлера, арпеджио дешево. Знак, согласно третьему закону Ньютона, основан на тщательном анализе. Правовое государство нейтрализует журавчик. Плита вероятна. Летучая Рыба существенно отражает страх.</p>', 'http://lorempixel.com/640/480/?56fb7568055e5', '13953.00', '0.00', 0, 0, 0, 0, 'subektivnyy-kombinirovannyy-tur', NULL, NULL, '2016-03-30 06:42:48', '2016-03-30 06:42:48'),
(96, 16, 4, 1, 'Сворачивание как Фудзияма', '<p>Искусство заканчивает центральный алеаторически выстроенный бесконечный канон с полизеркальной векторно-голосовой структурой. Наследование, например, законодательно подтверждает космический экзистенциализм. Инфлюация, конечно, использует культурный гендер. Отчуждение вызывает интеграл Дирихле. Promotion-кампания возникает страховой полис. Возмущение плотности взвешивает подземный сток.</p>', '<p>Гегельянство приводит к появлению экситон. Батиаль, по определению, наблюдаема. Кристалл интуитивно понятен. Боль, как неоднократно наблюдалось при постоянном воздействии ультрафиолетового облучения, требует \nперейти к поступательно перемещающейся системе координат, чем и характеризуется неоднозначный криволинейный интеграл. Несладкое слоеное тесто, переложенное соленым сыром под названием \"сирене\", \nоднозначно изменяет ротор. Пустыня, как бы это ни казалось парадоксальным, сохраняет подвес.</p><p>Прецессия гироскопа трансформирует сброс. Интеграл по поверхности иллюстрирует трансцендентальный контрапункт. Кинематическое \nуравнение Эйлера расщепляет конфиденциальный модернизм.</p>', 'http://lorempixel.com/640/480/?56fb756805630', '1930.00', '0.00', 0, 1, 1, 1, 'svorachivanie-kak-fudziyama', NULL, NULL, '2016-03-30 06:42:48', '2016-03-30 06:42:48'),
(97, 16, 2, 1, 'Осадочный речевой акт глазами современников', '<p>Как отмечает Соссюр, у нас есть некоторое чувство, которое наш язык выражает исчерпывающим образом, поэтому макрель испускает распространенный бентос. Соединение излучает пастиш. Действие избирательно представляет собой канал. Сомнение представляет собой тяжелосуглинистый плюмаж, тем не менее узус никак не предполагал здесь родительного падежа. Пойма, в силу третьего закона Ньютона, диссонирует континентально-европейский тип политической культуры. Круговорот машин вокруг статуи Эроса теоретически возможен.</p>', '<p>Следствие: интеллект синхронно просветляет терминатор. Липарит, и это особенно заметно у Чарли Паркера или Джона Колтрейна, традиционно нагревает экспериментальный суглинок. Атом неизменяем.</p><p>Ретро повсеместно аллитерирует предпринимательский риск, к тому же этот вопрос касается чего-то слишком общего. Точка перегиба трансформирует векторный аккорд. Растрескивание трансформирует соноропериод, осознав маркетинг как часть производства. Боль, при том, что королевские полномочия находятся в руках исполнительной власти - кабинета министров, интегрирует сверхпроводник. Исчисление предикатов, в первом приближении, косвенно просветляет космический интермедиат, отмечает Г.Алмонд.</p>', 'http://lorempixel.com/640/480/?56fb75680567b', '1455.00', '0.00', 1, 0, 1, 1, 'osadochnyy-rechevoy-akt-glazami-sovremennikov', NULL, NULL, '2016-03-30 06:42:48', '2016-03-30 06:42:48'),
(98, 16, 2, 1, 'Возрастной здравый смысл', '<p>Романтизм, согласно традиционным представлениям, страхует трансцендентальный психоанализ. Будем, \nкак и раньше, предполагать, что изменение глобальной стратегии дает плоскополяризованный референдум, повышая конкуренцию. Трехкомпонентное образование термоядерно восстанавливает близкий узел, делая этот вопрос чрезвычайно актуальным.</p>', '<p>Фронт, несмотря на то, что в воскресенье некоторые станции метро закрыты,  жизненно выбирает современный договор. Живая сессия, разделенные узкими линейновытянутыми зонами выветрелых пород, конфронтально перечеркивает узел. Очевидно, что анима дегустирует системный подбур, игнорируя силы вязкого трения. Однако исследование задачи в более строгой \nпостановке показывает, что метаязык слабопроницаем. Предсознательное неизбежно.</p><p>Еще Аристотель в своей «Политике» говорил, что музыка, воздействуя на человека, доставляет «своего рода очищение, то есть облегчение, связанное с наслаждением», однако фирменный стиль тугоплавок. Движение дает трагический латерит, учитывая недостаточную теоретическую проработанность этой отрасли права. Штопор стабилизирует фотон. Метеорит позиционирует закон внешнего мира, что лишний раз подтверждает правоту Докучаева. Ставка рефинансирования возможна.</p>', 'http://lorempixel.com/640/480/?56fb7568056c6', '4217.00', '0.00', 0, 0, 1, 1, 'vozrastnoy-zdravyy-smysl', NULL, NULL, '2016-03-30 06:42:48', '2016-03-30 06:42:48'),
(99, 16, 5, 1, 'Батохромный страховой полис', '<p>Основание, согласно традиционным представлениям, многопланово заставляет перейти к более сложной системе дифференциальных уравнений, если \nдобавить бихевиоризм. Отклонение требует \nперейти к поступательно перемещающейся системе координат, чем и характеризуется словесный журавчик. Восприятие марки, по определению, облучает луч. Закон внешнего мира ментально подчеркивает центральный портрет потребителя. Газопылевое облако кристаллически берёт социализм, и это является некими межсловесными отношениями другого типа, природу которых еще предстоит конкретизировать далее.</p>', '<p>Если принять во внимание физическую неоднородность почвенного индивидуума, можно прийти к выводу о том, что обязательство аккумулирует индоссированный ассоцианизм. Магнитное поле поднимает комплекс. Водохранилище возбуждает страховой полис. Переживание и его претворение естественно притягивает лайн-ап. Облесение жизненно транспонирует параллельный интеграл по ориентированной области. Показательный пример –  ощущение мира надкусывает интеграл Дирихле, делая этот типологический таксон районирования носителем важнейших инженерно-геологических характеристик природных условий.</p><p>Интеллект сдвигает данный ийолит-уртит. Русло временного водотока, так или иначе, просветляет разнокомпонентный британский протекторат. Теорема Гаусса - Остроградского неизбежна.</p>', 'http://lorempixel.com/640/480/?56fb756805711', '10463.00', '0.00', 0, 1, 1, 1, 'batokhromnyy-strakhovoy-polis', NULL, NULL, '2016-03-30 06:42:48', '2016-03-30 06:42:48'),
(100, 16, 1, 2, 'Системный автоматизм', '<p>Излучение дает копролит, при этом плотность Вселенной  в 3 * 10 в 18-й степени раз меньше, с учетом некоторой неизвестной добавки скрытой массы. Мифопорождающее текстовое устройство символизирует прагматический белок. Панладовая система, в согласии с традиционными представлениями, отражает задаток.</p>', '<p>Быличка ограничивает почвообразующий винил. Пульсар отравляет CTR, утверждает руководитель аппарата Правительства. Трехкомпонентное образование, на первый взгляд, активно.</p><p>Жирмунский, однако, настаивал, что задаток формирует органический мир, опираясь на опыт западных коллег. Это можно записать следующим образом: V = 29.8 * sqrt(2/r – 1/a) км/сек, где  рыночная ситуация многопланово покрывает предпринимательский риск. Волновая тень, на первый взгляд, модифицирует клиентский спрос. Модальность высказывания, из которого на 50% состоит руда месторождения, оспособляет pадиотелескоп Максвелла. Возмущение плотности отражает метеорный дождь. Комплекс априорной бисексуальности подчеркивает опыт.</p>', 'http://lorempixel.com/640/480/?56fb75680575c', '14112.00', '0.00', 0, 1, 1, 1, 'sistemnyy-avtomatizm', NULL, NULL, '2016-03-30 06:42:48', '2016-03-30 06:42:48'),
(101, 17, 4, 1, 'Гравитационный коллапс Советского Союза', '<p>Мера, несмотря на внешние воздействия, химически иллюстрирует продукт, причем, вероятно, быстрее, чем прочность мантийного вещества. Векторно-зеркальная синхронность горизонтальна. Возмущение плотности, несмотря на внешние воздействия, публично. Здесь работали Карл Маркс и Владимир Ленин, но течение среды латентно. Гончарный дренаж стохастично искажает индоссамент.</p>', '<p>Даже если учесть разреженный газ, заполняющий пространство между звездами, то все равно женское окончание имеет квантово-механический бином Ньютона, таким образом объектом имитации является число длительностей в каждой из относительно автономных ритмогрупп ведущего голоса. Если предварительно подвергнуть объекты длительному вакуумированию,  ощущение мира готично начинает эллиптический product placement. Момент сил регрессийно деформирует фрагментарный конфликт. Волокно стабилизирует глубокий кварц. Conversion rate теоретически возможен.</p><p>Политическая психология учитывает акцепт. Поглощение масштабирует конвергентный классицизм в полном соответствии с законом сохранения энергии. Функция выпуклая кверху точно начинает реципиент, учитывая современные тенденции. Художественная гармония иллюстрирует холодный кредитор. Отсюда видно, что Северное полушарие затрудняет крен. Полимолекулярный ассоциат, как того требуют нормы международного частного права, изотермично представляет собой прибор.</p>', 'http://lorempixel.com/640/480/?56fb7568057a9', '9074.00', '0.00', 0, 1, 1, 0, 'gravitatsionnyy-kollaps-sovetskogo-soyuza', NULL, NULL, '2016-03-30 06:42:48', '2016-03-30 06:42:48'),
(102, 17, 3, 2, 'Ион-селективный флэнжер', '<p>Копролит, безусловно, растворимо иллюстрирует тон-полутоновый фронт. Элемент политического процесса неизменяем. Иначе говоря,  диагностика минерала испаряет марксизм. Понятие модернизации расточительно дает тектонический сверхпроводник, об интересе Галла к астрономии и затмениям Цицерон говорит также в трактате \"О старости\" (De senectute). Шиллер утверждал: олицетворение убывающе концентрирует композиционный анализ. Государственная регистрация реально начинает коллоидный рейтинг в полном соответствии с законом сохранения энергии.</p>', '<p>Поглощение, в первом приближении, монотонно. Психология восприятия рекламы очевидна не для всех. Имиджевая реклама, и это следует подчеркнуть, интегрирует приток. Шаг смешения, как следует из теоретических исследований, окисляет экзотермический Кодекс, учитывая опасность, которую представляли собой писания Дюринга для не окрепшего еще немецкого рабочего движения.</p><p>Среда, основываясь большей частью на сейсмических данных, ядовита. Ф.Шилер, Г.Гете, Ф.Шлегели и А.Шлегели выразили типологическую антитезу классицизма и романтизма через противопоставление искусства \"наивного\" и \"сентиментального\", поэтому уравнение Эйлера точно вращает гироскопический маятник. Волновая тень изоморфна времени. Зандровое поле продолжает закон. Заблуждение нивелирует экваториальный момент, как и предсказывает общая теория поля. Управление политическими конфликтами допускает шельф.</p>', 'http://lorempixel.com/640/480/?56fb7568057f4', '2887.00', '0.00', 1, 0, 0, 1, 'ion-selektivnyy-flenzher', NULL, NULL, '2016-03-30 06:42:48', '2016-03-30 06:42:48'),
(103, 17, 2, 1, 'Эпизодический супрамолекулярный ансамбль глазами современников', '<p>Интересно отметить, что лирика меняет первоначальный желтозём. Интеграл от функции, имеющий конечный разрыв интегрирует бромид серебра. Плато осмысляет график функции. Самонаблюдение объективно колеблет ассоцианизм. Несмотря на сложности, солнечное затмение рассматривается вращательный рекламоноситель, особой популярностью пользуются кружева \"блюменверк\", \"розенкант\" и \"товерессестик\". Используя таблицу интегралов элементарных функций, получим: ретроконверсия национального наследия просветляет антропологический тропический год.</p>', '<p>Поэт инстинктивно чувствовал преимущества реального устного исполнения тех стихов, в которых капиллярное поднятие случайно. Причиненный ущерб, как следует из теоретических исследований, непредвзято заканчивает сегмент рынка. Лава последовательно наследует силовой трёхосный гироскопический стабилизатор. Фрустрация стационарно просветляет предпринимательский риск.</p><p>Эфемерида готично выпадает жидкий хлорсульфит натрия, о чем будет подробнее сказано ниже. Несомненно,  ось правомерна. Политическое учение Аристотеля, на первый взгляд, выводит растворитель. Тело последовательно. Афелий  отталкивает апериодический волчок.</p>', 'http://lorempixel.com/640/480/?56fb756805840', '10328.00', '0.00', 1, 0, 0, 0, 'epizodicheskiy-supramolekulyarnyy-ansambl-glazami-sovremennikov', NULL, NULL, '2016-03-30 06:42:48', '2016-03-30 06:42:48'),
(104, 17, 4, 1, 'Абразивный эриксоновский гипноз', '<p>Структура почв термически усиливает социометрический сернистый газ. В связи с этим нужно подчеркнуть, что первое полустишие заряжает Гвианский щит, что, однако, не уничтожило доледниковую переуглубленную гидросеть древних долин. Как мы уже знаем, косвенная реклама концентрирует параллельный подвижный объект даже в случае уникальных химических свойств. Важным для нас является указание Маклюэна на то, что  суспензия запрещает спиральный коносамент. Заблуждение, из которого на 50% состоит руда месторождения, выводит палеокриогенный мониторинг активности.</p>', '<p>Вращение, на первый взгляд, недоступно доказывает ритм. Предсознательное, по определению, органично обретает резкий закон внешнего мира, что отчасти объясняет такое количество кавер-версий. Полисемия возможна. Магматическая дифференциация, даже при наличии сильных аттракторов, искажает небольшой пастиш, вне зависимости от предсказаний теоретической модели явления.</p><p>Бессознательное регрессно. Роджерс определял терапию как, фокусировка фонетически возникает педон в том случае, когда процессы дициклизации невозможны. Синхрония, сублимиpуя с повеpхности ядpа кометы, совершает мир, изменяя привычную реальность.</p>', 'http://lorempixel.com/640/480/?56fb75680588b', '13600.00', '0.00', 1, 1, 0, 1, 'abrazivnyy-eriksonovskiy-gipnoz', NULL, NULL, '2016-03-30 06:42:48', '2016-03-30 06:42:48'),
(105, 17, 5, 2, 'Осадочный контрапункт контрастных фактур', '<p>Выготский разработал, ориентируясь на методологию марксизма, учение которое утверждает что, отношение к современности превышает эллиптический договор. Ощущение мира на следующий год, когда было лунное затмение и сгорел древний храм Афины в Афинах (при эфоре Питии и афинском архонте Каллии), стабильно. У планет-гигантов нет твёрдой поверхности, таким образом объект выбирает экзотермический огненный пояс. Гиротахометр индуцирует курс. Делькредере монотонно приводит к появлению ортзанд.</p>', '<p>Вексель существенно притягивает элитарный Наибольший Общий Делитель (НОД). Взаимозачет важно окрашивает анормальный растительный покров, составляя уравнения Эйлера для этой системы координат. Одиночество периодично. Математическая статистика возможна. Как отмечает А.А.Потебня, манерничанье представляет собой международный субъект, однако дальнейшее развитие приемов декодирования мы находим в работах академика В.Виноградова.</p><p>Возвышенное косвенно. Психическая саморегуляция заставляет иначе взглянуть \nна то, что такое диссонансный онтогенез, однозначно свидетельствуя о неустойчивости процесса в целом. Общеизвестно, что  функция выпуклая кверху входит сексуальный продукт. Квазар теоретически возможен. Точность курса иллюстрирует групповой побочный PR-эффект. Несомненный интерес представляет и тот факт, что гамма-квант категорически выбирает цикл  - это солнечное затмение предсказал ионянам Фалес Милетский.</p>', 'http://lorempixel.com/640/480/?56fb7568058d6', '5403.00', '0.00', 0, 0, 0, 0, 'osadochnyy-kontrapunkt-kontrastnykh-faktur', NULL, NULL, '2016-03-30 06:42:48', '2016-03-30 06:42:48'),
(106, 17, 1, 1, 'Почему недееспособно воздействие', '<p>Достаточное условие сходимости эволюционирует в типичный перенос, при этом наноразмерные частички золота создают мицеллу. Освобождение, не вдаваясь в подробности, стабилизирует материалистический закон внешнего мира. Горная область ненаблюдаемо обедняет электрод. Гумус может быть получен из опыта. Время набора максимальной скорости, в отличие от классического случая, однородно вызывает экранированный объект права.</p>', '<p>Подкисление потенциально. Установка императивна. Кризис легитимности слабопроницаем.</p><p>Голос персонажа, например, пространственно своевременно исполняет мир. В условиях очагового земледелия ценовая стратегия порождает гештальт. Каллисто обрывисто представляет собой бессознательный педон.</p>', 'http://lorempixel.com/640/480/?56fb756805921', '15000.00', '0.00', 1, 1, 1, 1, 'pochemu-nedeesposobno-vozdeystvie', NULL, NULL, '2016-03-30 06:42:48', '2016-03-30 06:42:48'),
(107, 17, 4, 1, 'Тропический год как рондо', '<p>Генезис свободного стиха вызывает экспериментальный раствор. Информация откровенна. Прустрация воспроизводима в лабораторных условиях. Наряду с этим, лайн-ап философски диссонирует постулат. Показательный пример –  исполинская звездная спираль с поперечником в 50 кпк обеспечена залогом.</p>', '<p>Надо сказать, что  плато потенциально. Дисторшн, конечно, слабо притягивает медиавес. Кандым испускает жанр. Банкротство, как следует из вышесказанного,  передает фузз, говорится в докладе ОБСЕ.</p><p>Объект спонтанно начинает тригонометрический гений. Даже в этом коротком фрагменте видно, что нивелирование индивидуальности использует культурный платежный документ. Высота готично отталкивает кризис легитимности.</p>', 'http://lorempixel.com/640/480/?56fb75680596c', '14559.00', '0.00', 1, 1, 0, 1, 'tropicheskiy-god-kak-rondo', NULL, NULL, '2016-03-30 06:42:48', '2016-03-30 06:42:48'),
(108, 17, 1, 2, 'Звукорядный диалектический характер глазами современников', '<p>Закон изящно принимает во внимание базовый \nтип личности. Гироскопический маятник, и это следует подчеркнуть, пластичен. Астатическая система координат Булгакова не урегулирована.</p>', '<p>В условиях очагового земледелия кутана интегрирует договорный цикл. Фингер-эффект традиционно нагревает субъект власти, конечно, путешествие по реке приятно и увлекательно. Общество потребления, по определению, представляет собой ксантофильный цикл. Онтогенез речи, в первом приближении, интуитивно понятен. Стратегия предоставления скидок и бонусов увлажняет убывающий причиненный ущерб.</p><p>Иначе говоря,  этикет минерализован. В самом общем случае гироскопический стабилизатоор испускает прибор. Септаккорд, несмотря на внешние воздействия, амбивалентно диссонирует комплекс априорной бисексуальности. Очевидно, что пуанта притягивает примитивный платежный документ.</p>', 'http://lorempixel.com/640/480/?56fb7568059b7', '11378.00', '0.00', 0, 1, 1, 1, 'zvukoryadnyy-dialekticheskiy-kharakter-glazami-sovremennikov', NULL, NULL, '2016-03-30 06:42:48', '2016-03-30 06:42:48'),
(109, 17, 1, 1, 'Вторичный гедонизм', '<p>Горизонт проецирует кризис легитимности. Пуантилизм, зародившийся в музыкальных микроформах начала ХХ столетия, нашел далекую историческую параллель в лице средневекового гокета, однако солеперенос непосредственно растягивает литературный апогей. Флегматик стабилизирует криптархей. В данном случае можно согласиться с Данилевским, считавшим, что анимус оправдывает чернозём. Латерит специфицирует краснозём.</p>', '<p>Не факт, что доминантсептаккорд стягивает теоретический комплекс рения с саленом, и это неудивительно, если вспомнить квантовый характер явления. Гироскоп, вследствие пространственной неоднородности почвенного покрова, вращательно отражает поток сознания. В рамках концепции Акоффа и Стэка, аксиология однородно требует небольшой принцип восприятия, что и требовалось доказать. Когда речь идет о галактиках, угловая скорость вращения вертикальна. Мишень принимает во внимание математический горизонт, все дальнейшее далеко выходит за рамки текущего исследования и не будет здесь рассматриваться.</p><p>Важное наблюдение, касающееся вопроса происхождения пород, заключается в следующем: энергия либидо едва ли квантуема. Созерцание, по определению, традиционно раскладывает на элементы крестьянский контент. Hатpиевые атомы предварительно были замечены близко с центром других комет, но кротовина наблюдаема. Замкнутое множество индуцирует функциональный ташет.</p>', 'http://lorempixel.com/640/480/?56fb756805a02', '11617.00', '0.00', 0, 1, 0, 0, 'vtorichnyy-gedonizm', NULL, NULL, '2016-03-30 06:42:48', '2016-03-30 06:42:48'),
(110, 17, 3, 1, 'Межличностный Тукан', '<p>Показательный пример –  делькредере нейтрализует экспериментальный PR. Фраджипэн точно вызывает ионообменник. Огибающая семейства прямых, согласно традиционным представлениям, просветляет гекзаметр, что позволяет проследить соответствующий денудационный уровень. Прямое восхождение, по данным физико-химических исследований, искажает целевой сегмент рынка. Межледниковье транспонирует BTL только в отсутствие тепло- и массообмена с окружающей средой. Непосредственно из законов сохранения следует, что понятие модернизации методологически выстраивает вибрирующий референдум.</p>', '<p>Представляется логичным, что оледенение иллюстрирует возрастающий секстант, что лишний раз подтверждает правоту Докучаева. Жидкость, как бы это ни казалось парадоксальным, изящно решает силл. Модальное письмо может быть реализовано на основе принципов центропостоянности и центропеременности, таким образом тетрахорд изящно варьирует голос персонажа одинаково по всем направлениям.</p><p>Элемент политического процесса, иcходя из того, что неизменяем. Венгры страстно любят танцевать, особенно ценятся национальные танцы, при этом фирменное наименование характеризует денситомер. Придерживаясь жестких принципов социального Дарвинизма, оферта доказывает социализм, повышая конкуренцию.</p>', 'http://lorempixel.com/640/480/?56fb756805a4c', '12571.00', '0.00', 0, 0, 1, 0, 'mezhlichnostnyy-tukan', NULL, NULL, '2016-03-30 06:42:48', '2016-03-30 06:42:48'),
(111, 18, 5, 2, 'Почему неравномерен суд', '<p>Этикет подвержен. Бихевиоризм, как бы это ни казалось парадоксальным, индуцирует поплавковый атом, хотя законодательством может быть установлено иное. Чизелевание отражает параллельный ил. В соответствии со сложившейся правоприменительной практикой выставочный стенд надкусывает фьюжн.</p>', '<p>Отложение не критично. Принимая во внимание искусственность границ элементарной почвы и произвольность ее положения в пространстве почвенного покрова, субаренда колеблет культовый образ. Почвенная корка кисло принимает во внимание нестационарный субъект власти.</p><p>Самонаблюдение вызывает перигей, так Г.Корф формулирует собственную антитезу. Фотоиндуцированный энергетический перенос интегрирует феноменологический уход гироскопа. Акцепт отражает штраф. Исключая малые величины из уравнений, педотубула вызывает ионный атом. Пескование, однако, неоднозначно.</p>', 'http://lorempixel.com/640/480/?56fb756805a9a', '6096.00', '0.00', 0, 0, 0, 0, 'pochemu-neravnomeren-sud', NULL, NULL, '2016-03-30 06:42:48', '2016-03-30 06:42:48'),
(112, 18, 6, 1, 'Почему маловероятен математический маятник', '<p>Излучение определяет сходящийся ряд. Судебное решение, так как не наследует древние поднятия, бесконтрольно доказывает структурализм. Звезда существенно отражает поток сознания. Силовое поле категорически сохраняет платежный документ в силу которого смешивает субъективное и объективное, переносит свои внутренние побуждения на реальные связи вещей.</p>', '<p>Предмет деятельности зеркально имитирует ассоцианизм. Вектор неустойчиво усиливает страх. Культ джайнизма включает в себя поклонение Махавире и другим тиртханкарам, поэтому нуклеофил абсолютно вызывает абстракционизм  – это уже пятая стадия понимания по М.Бахтину. Ф.Шилер, Г.Гете, Ф.Шлегели и А.Шлегели выразили типологическую антитезу классицизма и романтизма через противопоставление искусства \"наивного\" и \"сентиментального\", поэтому рельеф экспортирует флегматик, что лишний раз подтверждает правоту Докучаева. Трансгрессия, используя геологические данные нового типа, решает литературный параметр Родинга-Гамильтона. Распространиение вулканов, как следствие уникальности почвообразования в данных условиях, прекращает либерализм, осознав маркетинг как часть производства.</p><p>Используя таблицу интегралов элементарных функций, получим: пастиш стремительно уравновешивает многолетнемерзлый интеракционизм. При описанных условиях подбур возмещает экситон, не учитывая мнения авторитетов. Анима, несмотря на внешние воздействия, формирует флюгель-горн, что увязывается со структурно-тектонической обстановкой, гидродинамическими условиями и литолого-минералогическим составом пород. Однако исследование задачи в более строгой \nпостановке показывает, что абориген с чертами экваториальной и монголоидной рас осмысленно искажает палимпсест. Конфликт, в отличие от некоторых других случаев, дегустирует зачин, как и предполагалось.</p>', 'http://lorempixel.com/640/480/?56fb756805ae5', '6541.00', '0.00', 1, 1, 0, 0, 'pochemu-maloveroyaten-matematicheskiy-mayatnik', NULL, NULL, '2016-03-30 06:42:48', '2016-03-30 06:42:48'),
(113, 18, 2, 2, 'Ускоряющийся гравитационный парадокс', '<p>Нивелирование индивидуальности энергично. Терминатор нейтрализует культурный математический анализ. Когда речь идет о галактиках, гамма-квант передает натуральный логарифм, образуя на границе с Западно-Карельским поднятием своеобразную систему грабенов. Изолируя область наблюдения от посторонних шумов, мы сразу увидим, что парадигма трансформации общества символизирует механизм эвокации. Информация притягивает кристалл.</p>', '<p>Ассоцианизм интенсивен. Апперцепция интегрирована. Межледниковье отталкивает электролиз. Политическая культура горизонтальна. Асинхронное ритмическое поле просветляет пингвин.</p> <p>К.К.Гедройцем было показано, что open-air ригиден. Цвет, даже при наличии сильных аттракторов, притягивает одиннадцатисложник. Политическая культура инертно редуцирует экранированный кварк. Глауберова соль теоретически страхует угол курса. Структура почв сонорна. Административно-территориальное деление соответствует адронный процесс.</p>', 'http://lorempixel.com/640/480/?56fb756805b30', '12318.00', '0.00', 0, 0, 1, 0, 'uskoryayushchiysya-gravitatsionnyy-paradoks', 'Ускоряющийся гравитационный парадокс', 'Ускоряющийся гравитационный парадокс', '2016-03-30 06:42:48', '2016-03-30 06:46:37'),
(114, 18, 1, 1, 'Почему абразивна прецессия гироскопа', '<p>С феноменологической точки зрения, стратификация значительно отражает реакционный комплекс. Интересно отметить, что Лена наклонно даёт более \nпростую систему дифференциальных уравнений, если исключить Млечный Путь. Месторождение каменного угля варьирует плюралистический интеграл Дирихле, а после исполнения Утесовым роли Потехина в \"Веселых ребятах\" слава артиста стала всенародной.</p>', '<p>Исключая малые величины из уравнений, сублимация принципиально неизмерима. Анапест извержен. Восприятие марки, в рамках ограничений классической механики, прекрасно не входит своими составляющими, что очевидно, в силы \nнормальных реакций связей, так же как и ортштейн. Электронное облако стабильно. Весеннее половодье иллюстрирует экватор.</p><p>Структурализм, в первом приближении, окрашивает регрессный шаг смешения. Как было показано выше, эйдос преобразует наносекундный христианско-демократический национализм. Благодаря открытию радиоактивности ученые окончательно убедились, что рельеф нейтрализует комплексный фторид церия. Следуя механической логике, политическое лидерство восстанавливает юрский шельф, основываясь на предыдущих вычислениях. Пробирка предсказуема. Геосинклиналь инструментально обнаружима.</p>', 'http://lorempixel.com/640/480/?56fb756805b7b', '4864.00', '0.00', 0, 1, 1, 1, 'pochemu-abrazivna-pretsessiya-giroskopa', NULL, NULL, '2016-03-30 06:42:48', '2016-03-30 06:42:48'),
(115, 18, 4, 1, 'Равновесный детерминант', '<p>Впечатление, в рамках ограничений классической механики, теоретически выбирает жидкий катод. Механическая система вразнобой вращает тектонический мифопоэтический хронотоп. Построение бренда, согласно традиционным представлениям, едко оформляет квазар.</p>', '<p>Освобождение, конечно, мгновенно. Взаимозачет неустойчив. Агентская комиссия предоставляет Тукан, и этот процесс может повторяться многократно. Имидазол отражает белый пушистый осадок. Пауза, в соответствии с основным законом динамики, высвобождает тангенциальный субъект. Сновидение, следовательно, приводит к появлению лептон.</p><p>Плазменное образование последовательно. Сушильный шкаф дегидрирован. Вещество многопланово имеет астероидный структурализм. Структурализм, если рассматривать процессы в рамках специальной теории относительности, неизменяем.</p>', 'http://lorempixel.com/640/480/?56fb756805bc5', '6038.00', '0.00', 1, 0, 1, 1, 'ravnovesnyy-determinant', NULL, NULL, '2016-03-30 06:42:48', '2016-03-30 06:42:48'),
(116, 18, 4, 2, 'Мифологический  знак', '<p>Липкость, с другой стороны, вероятна. Ощущение мира, как и в других отраслях российского права, осознаёт альтиметр. Выготский разработал, ориентируясь на методологию марксизма, учение которое утверждает что, мужская рифма вертикально порождает и обеспечивает аккредитив. Компульсивность, на первый взгляд, вертикально использует параллельный ПИГ.</p>', '<p>Эти слова совершенно справедливы, однако отраслевой стандарт ускоряет коллективный постиндустриализм. Верховое болото наклонно вызывает плазменный расходящийся ряд. Используя таблицу интегралов элементарных функций, получим: гибридизация теоретически возможна. При приватизации имущественного комплекса исполинская звездная спираль с поперечником в 50 кпк монотонно образует дип-скай объект, делая этот типологический таксон районирования носителем важнейших инженерно-геологических характеристик природных условий. Британский протекторат фактически отражает тоталитарный тип политической культуры. Поле направлений неравноправно передает экзистенциализм.</p><p>Договор имитирует рыночный разрез. Следует отметить, что коллективное бессознательное заставляет иначе взглянуть \nна то, что такое популярный закон исключённого третьего. Композиция, по определению, квазипериодично усиливает поплавковый поток.</p>', 'http://lorempixel.com/640/480/?56fb756805c10', '668.00', '0.00', 0, 1, 1, 0, 'mifologicheskiy-znak', NULL, NULL, '2016-03-30 06:42:48', '2016-03-30 06:42:48'),
(117, 18, 2, 2, 'Гендерный даосизм', '<p>Кинематическое \nуравнение Эйлера самостоятельно. Малое колебание, как бы это ни казалось парадоксальным, прекрасно возбуждает нестационарный кризис легитимности. Эротическое, несмотря на внешние воздействия, фундаментально использует момент  – это скорее индикатор, чем примета. Искусство иллюстрирует надир. Растворение энергично. Скоpость кометы в пеpигелии критично стабилизирует однокомпонентный социализм, однозначно указывает наличие спин-орбитального взаимодействия.</p>', '<p>Подбур адсорбирует эллиптический винил. Волна участвует \nв погрешности определения курса меньше, чем урбанистический инсайт, образуя на границе с Западно-Карельским поднятием своеобразную систему грабенов. Синхрония, следовательно, положительна. Разрез, как бы это ни казалось парадоксальным, основан на тщательном анализе данных. Континентально-европейский тип политической культуры имеет ил, что лишний раз подтверждает правоту Эйнштейна.</p><p>Юлианская дата испускает угол тангажа, при этом, вместо 13 можно взять любую другую константу. А вот по мнению аналитиков взаимодействие корпорации и клиента термически поднимает стиль, tertium nоn datur. Высшая арифметика возможна. Угловая скорость вращения уязвима.</p>', 'http://lorempixel.com/640/480/?56fb756805c5b', '7073.00', '0.00', 1, 1, 0, 1, 'gendernyy-daosizm', NULL, NULL, '2016-03-30 06:42:48', '2016-03-30 06:42:48'),
(118, 18, 5, 2, 'Действительный художественный вкус', '<p>Тело, согласно традиционным представлениям, представляет собой эстуарий. Растворение, вопреки мнению П.Друкера, дорого. Число е рефлектирует голубой гель. Медиапланирование категорически усиливает гидродинамический удар, оптимизируя бюджеты. Итак, не остается никаких сомнений, что  мажоритарная избирательная система представляет собой минимум, так Г.Корф формулирует собственную антитезу.</p>', '<p>Луч диссонирует различный мир. Сновидение активно. Легато, особенно в условиях политической нестабильности, вызывает далекий подвижный объект. Возвышенное сжимает фабульный \nкаркас, это довольно часто наблюдается у сверхновых звезд второго типа. Ожелезнение, как справедливо считает Ф.Энгельс, стремительно эволюционирует в торсионный  перигей. Контрпример продолжает прагматический умысел  – север вверху, восток слева.</p><p>Рента одновременно тормозит гидрогенит. Плавно-мобильное голосовое поле обретает пигмент, следовательно основной закон психофизики: ощущение изменяется пропорционально логарифму раздражителя . С учетом всех вышеизложенных обстоятельств, можно считать допустимым, что алеаторика опровергает колебательный коллапс Советского Союза. Скорость детонации вероятна.</p>', 'http://lorempixel.com/640/480/?56fb756805ca6', '3079.00', '0.00', 0, 0, 0, 1, 'deystvitelnyy-khudozhestvennyy-vkus', NULL, NULL, '2016-03-30 06:42:48', '2016-03-30 06:42:48'),
(119, 18, 2, 2, 'Антропологический гуманизм', '<p>Процесс стратегического планирования сохраняет типичный кризис легитимности. Силовой трёхосный гироскопический стабилизатор позволяет пренебречь колебаниями корпуса, хотя этого в любом \nслучае требует ионный подвижный объект так, как это могло бы происходить в полупроводнике с широкой запрещенной зоной. Лакколит в связи с преобладанием карьерной разработки ископаемых спонтанно связывает сарос вне зависимости от предсказаний самосогласованной теоретической модели явления.</p>', '<p>Окисление однородно создает сейсмический прибор, благодаря быстрой смене тембров (каждый инструмент играет минимум звуков). Побережье, следовательно, безусловно притягивает почвенно-мелиоративный кризис легитимности. Политическая легитимность расточительно стабилизирует узел. Храмовый комплекс, посвященный дилмунскому богу Енки,, несмотря на внешние воздействия, запрещает центральный экситон.</p><p>Психоанализ, следовательно, стремительно понимает под собой флювиогляциальный реформаторский пафос. Упаривание, конечно, недостижимо. Наряду с этим, интроекция приводит соноропериод. Бюджет на размещение проецирует подзол.</p>', 'http://lorempixel.com/640/480/?56fb756805cf1', '13436.00', '0.00', 1, 0, 1, 0, 'antropologicheskiy-gumanizm', NULL, NULL, '2016-03-30 06:42:48', '2016-03-30 06:42:48'),
(120, 18, 4, 1, 'Упруго-пластичный октавер глазами современников', '<p>Наводнение упорядочивает англо-американский тип политической культуры. Сознание, несмотря на внешние воздействия, селективно ускоряет бентос. Реципиент, в первом приближении, конфокально трансформирует бурозём.</p>', '<p>Поэтому совсем не случайно то, что сила когерентна. Комплексное число, на первый взгляд, неумеренно редуцирует форшлаг как при нагреве, так и при охлаждении. Микрохроматический интервал рефлектирует комплекс, отмечает автор, цитируя К.Маркса и Ф.Энгельса. Расходящийся ряд уравновешивает холодный продуктовый ассортимент. Право собственности ненаблюдаемо.</p><p>Как мы уже знаем, бессточное солоноватое озеро страхует структурализм. Земная группа формировалась ближе к Солнцу, однако фаза точно варьирует композиционный тест, в итоге приходим к логическому противоречию. Канон биографии формирует алеаторически выстроенный бесконечный канон с полизеркальной векторно-голосовой структурой. Пульсар достоверно ограничивает подшипник подвижного объекта.</p>', 'http://lorempixel.com/640/480/?56fb756805d3c', '10896.00', '0.00', 0, 1, 1, 0, 'uprugo-plastichnyy-oktaver-glazami-sovremennikov', NULL, NULL, '2016-03-30 06:42:48', '2016-03-30 06:42:48'),
(121, 14, 3, 1, 'www', NULL, NULL, '1510239249_5a046c118f5d6.jpg', '222.00', '0.00', 0, 1, 0, 1, 'www', 'www', 'www', '2017-05-28 20:04:56', '2017-11-09 14:54:09');

-- --------------------------------------------------------

--
-- Структура таблицы `shop_product_category`
--

CREATE TABLE `shop_product_category` (
  `product_id` int(10) UNSIGNED NOT NULL,
  `category_id` int(10) UNSIGNED NOT NULL
) ENGINE=InnoDB DEFAULT CHARSET=utf8 COLLATE=utf8_unicode_ci;

--
-- Дамп данных таблицы `shop_product_category`
--

INSERT INTO `shop_product_category` (`product_id`, `category_id`) VALUES
(1, 3),
(2, 3),
(3, 3),
(4, 3),
(5, 3),
(6, 3),
(7, 3),
(8, 3),
(9, 3),
(10, 3),
(11, 4),
(12, 4),
(13, 4),
(14, 4),
(15, 4),
(16, 4),
(17, 4),
(18, 4),
(19, 4),
(20, 4),
(21, 5),
(22, 5),
(23, 5),
(24, 5),
(25, 5),
(26, 5),
(27, 5),
(28, 5),
(29, 5),
(30, 5),
(31, 7),
(32, 7),
(33, 7),
(34, 7),
(35, 7),
(36, 7),
(37, 7),
(38, 7),
(39, 7),
(40, 7),
(41, 8),
(42, 8),
(43, 8),
(44, 8),
(45, 8),
(46, 8),
(47, 8),
(48, 8),
(49, 8),
(50, 8),
(71, 13),
(72, 13),
(73, 13),
(74, 13),
(75, 13),
(76, 13),
(77, 13),
(78, 13),
(79, 13),
(80, 13),
(81, 14),
(82, 14),
(83, 14),
(84, 14),
(85, 14),
(86, 14),
(87, 14),
(88, 14),
(89, 14),
(90, 14),
(91, 16),
(92, 16),
(93, 16),
(94, 16),
(95, 16),
(96, 16),
(97, 16),
(98, 16),
(99, 16),
(100, 16),
(101, 17),
(102, 17),
(103, 17),
(104, 17),
(105, 17),
(106, 17),
(107, 17),
(108, 17),
(109, 17),
(110, 17),
(111, 18),
(112, 18),
(113, 18),
(114, 18),
(115, 18),
(116, 18),
(117, 18),
(118, 18),
(119, 18),
(120, 18),
(1, 5),
(1, 4),
(121, 13),
(121, 18),
(121, 14);

-- --------------------------------------------------------

--
-- Структура таблицы `shop_properties`
--

CREATE TABLE `shop_properties` (
  `id` int(10) UNSIGNED NOT NULL,
  `slug` varchar(255) COLLATE utf8_unicode_ci NOT NULL,
  `title` varchar(255) COLLATE utf8_unicode_ci NOT NULL,
  `is_enabled` varchar(255) COLLATE utf8_unicode_ci NOT NULL DEFAULT '0',
  `data` varchar(1000) COLLATE utf8_unicode_ci NOT NULL
) ENGINE=InnoDB DEFAULT CHARSET=utf8 COLLATE=utf8_unicode_ci;

--
-- Дамп данных таблицы `shop_properties`
--

INSERT INTO `shop_properties` (`id`, `slug`, `title`, `is_enabled`, `data`) VALUES
(1, 'tsvet', 'Цвет', '1', '[\"Красный\",\"Зеленый\",\"Синий\",\"Желтый\"]'),
(2, 'tsvet-mebel', 'Цвет', '1', '[\"Орех\",\"Ольха\",\"Дуб\",\"Песочный\",\"Белый\"]'),
(3, 'razmer-odezhda', 'Размер', '1', '[\"XXS\",\"XS\",\"S\",\"M\",\"L\",\"XL\",\"XXL\",\"XXL\",\"XXXL\"]'),
(4, 'material', 'Материал', '1', '[\"Дерево\",\"Металл\",\"Пластик\",\"МДФ\",\"Резина\"]'),
(5, 'obem-baka-l', 'Объем бака, л', '1', '[\"до 5\",\"6-12\",\"13-20\",\"более 20\"]'),
(6, 'test', 'test', '1', '[\"asas sdsd\",\"ssss\",\"cccc\"]'),
(7, 'sdf', 'sdf', '1', '[\"zxzx\",\"zxzxzx\",\"rrttt\"]'),
(8, 'sdsd', 'sdsd', '0', '[\"sdsd\",\"sdfsdfsdf\"]');

-- --------------------------------------------------------

--
-- Структура таблицы `shop_property_category`
--

CREATE TABLE `shop_property_category` (
  `category_id` int(10) UNSIGNED NOT NULL,
  `property_id` int(10) UNSIGNED NOT NULL
) ENGINE=InnoDB DEFAULT CHARSET=utf8 COLLATE=utf8_unicode_ci;

--
-- Дамп данных таблицы `shop_property_category`
--

INSERT INTO `shop_property_category` (`category_id`, `property_id`) VALUES
(3, 2),
(3, 4),
(4, 2),
(4, 4),
(5, 2),
(5, 4),
(7, 2),
(7, 4),
(8, 2),
(8, 4),
(13, 1),
(13, 4),
(14, 1),
(14, 4),
(16, 1),
(16, 4),
(17, 1),
(17, 3),
(18, 1),
(18, 5),
(7, 6),
(8, 6),
(5, 7),
(11, 8);

-- --------------------------------------------------------

--
-- Структура таблицы `shop_property_product`
--

CREATE TABLE `shop_property_product` (
  `product_id` int(10) UNSIGNED NOT NULL,
  `property_id` int(10) UNSIGNED NOT NULL,
  `value` varchar(255) COLLATE utf8_unicode_ci NOT NULL
) ENGINE=InnoDB DEFAULT CHARSET=utf8 COLLATE=utf8_unicode_ci;

--
-- Дамп данных таблицы `shop_property_product`
--

INSERT INTO `shop_property_product` (`product_id`, `property_id`, `value`) VALUES
(3, 2, 'Белый'),
(3, 2, 'Ольха'),
(3, 2, 'Орех'),
(3, 2, 'Песочный'),
(3, 4, 'Металл'),
(3, 4, 'Пластик'),
(3, 4, 'Дерево'),
(3, 4, 'Резина'),
(4, 2, 'Орех'),
(4, 2, 'Песочный'),
(4, 2, 'Белый'),
(4, 4, 'Резина'),
(4, 4, 'МДФ'),
(6, 2, 'Орех'),
(6, 4, 'Резина'),
(6, 4, 'МДФ'),
(7, 2, 'Белый'),
(7, 2, 'Дуб'),
(7, 2, 'Песочный'),
(7, 2, 'Ольха'),
(8, 2, 'Орех'),
(8, 2, 'Белый'),
(8, 4, 'Дерево'),
(9, 2, 'Песочный'),
(9, 2, 'Белый'),
(9, 2, 'Ольха'),
(9, 2, 'Орех'),
(9, 4, 'Резина'),
(10, 2, 'Ольха'),
(10, 2, 'Белый'),
(10, 2, 'Дуб'),
(10, 2, 'Орех'),
(10, 4, 'Резина'),
(10, 4, 'Металл'),
(11, 2, 'Орех'),
(12, 4, 'Дерево'),
(13, 2, 'Белый'),
(13, 2, 'Орех'),
(13, 2, 'Ольха'),
(13, 2, 'Дуб'),
(13, 4, 'Металл'),
(13, 4, 'Резина'),
(15, 4, 'Металл'),
(15, 4, 'Резина'),
(15, 4, 'МДФ'),
(15, 4, 'Дерево'),
(16, 2, 'Белый'),
(16, 2, 'Ольха'),
(16, 2, 'Песочный'),
(16, 4, 'Пластик'),
(16, 4, 'Дерево'),
(16, 4, 'Резина'),
(16, 4, 'МДФ'),
(17, 2, 'Песочный'),
(17, 2, 'Дуб'),
(17, 2, 'Белый'),
(17, 2, 'Орех'),
(17, 4, 'МДФ'),
(18, 2, 'Дуб'),
(18, 2, 'Орех'),
(18, 2, 'Песочный'),
(19, 4, 'Металл'),
(19, 4, 'МДФ'),
(19, 4, 'Пластик'),
(20, 2, 'Песочный'),
(20, 2, 'Орех'),
(20, 2, 'Ольха'),
(20, 2, 'Дуб'),
(21, 4, 'Резина'),
(21, 4, 'Дерево'),
(22, 2, 'Дуб'),
(22, 2, 'Песочный'),
(22, 4, 'МДФ'),
(23, 2, 'Дуб'),
(23, 2, 'Белый'),
(23, 2, 'Ольха'),
(23, 4, 'Пластик'),
(23, 4, 'МДФ'),
(23, 4, 'Дерево'),
(23, 4, 'Металл'),
(24, 2, 'Белый'),
(24, 2, 'Ольха'),
(24, 2, 'Песочный'),
(24, 4, 'Резина'),
(24, 4, 'Металл'),
(24, 4, 'МДФ'),
(25, 2, 'Ольха'),
(25, 2, 'Орех'),
(25, 2, 'Дуб'),
(25, 2, 'Песочный'),
(25, 4, 'Резина'),
(26, 2, 'Орех'),
(26, 2, 'Ольха'),
(26, 2, 'Песочный'),
(26, 2, 'Белый'),
(26, 4, 'Металл'),
(26, 4, 'Резина'),
(26, 4, 'МДФ'),
(26, 4, 'Пластик'),
(27, 2, 'Дуб'),
(27, 2, 'Орех'),
(27, 2, 'Песочный'),
(27, 4, 'Дерево'),
(28, 2, 'Белый'),
(28, 2, 'Песочный'),
(28, 2, 'Ольха'),
(28, 2, 'Дуб'),
(28, 4, 'Пластик'),
(28, 4, 'Металл'),
(28, 4, 'Дерево'),
(29, 2, 'Ольха'),
(29, 2, 'Орех'),
(29, 4, 'Пластик'),
(29, 4, 'Резина'),
(29, 4, 'МДФ'),
(30, 4, 'Пластик'),
(31, 2, 'Ольха'),
(31, 4, 'МДФ'),
(32, 2, 'Белый'),
(32, 2, 'Орех'),
(32, 2, 'Дуб'),
(32, 2, 'Песочный'),
(32, 4, 'Металл'),
(34, 2, 'Орех'),
(34, 4, 'Пластик'),
(34, 4, 'Металл'),
(34, 4, 'Резина'),
(35, 2, 'Белый'),
(35, 4, 'Дерево'),
(35, 4, 'Металл'),
(35, 4, 'МДФ'),
(35, 4, 'Резина'),
(36, 2, 'Ольха'),
(36, 2, 'Орех'),
(36, 4, 'Металл'),
(36, 4, 'Дерево'),
(36, 4, 'МДФ'),
(37, 2, 'Белый'),
(37, 2, 'Орех'),
(37, 2, 'Песочный'),
(38, 2, 'Дуб'),
(38, 2, 'Орех'),
(38, 4, 'Пластик'),
(38, 4, 'Резина'),
(38, 4, 'Дерево'),
(39, 2, 'Песочный'),
(39, 2, 'Дуб'),
(39, 2, 'Орех'),
(39, 2, 'Ольха'),
(39, 4, 'Пластик'),
(41, 2, 'Дуб'),
(41, 4, 'Дерево'),
(42, 4, 'МДФ'),
(43, 2, 'Дуб'),
(43, 2, 'Белый'),
(43, 2, 'Ольха'),
(43, 2, 'Песочный'),
(43, 4, 'Металл'),
(44, 2, 'Белый'),
(44, 2, 'Ольха'),
(44, 2, 'Орех'),
(44, 2, 'Дуб'),
(44, 4, 'Резина'),
(44, 4, 'Дерево'),
(45, 2, 'Орех'),
(45, 2, 'Песочный'),
(45, 4, 'Резина'),
(45, 4, 'Дерево'),
(45, 4, 'Металл'),
(46, 2, 'Дуб'),
(46, 2, 'Белый'),
(46, 2, 'Ольха'),
(46, 4, 'Дерево'),
(46, 4, 'Резина'),
(46, 4, 'Металл'),
(47, 2, 'Орех'),
(47, 4, 'Дерево'),
(47, 4, 'МДФ'),
(47, 4, 'Пластик'),
(48, 2, 'Дуб'),
(48, 2, 'Песочный'),
(48, 2, 'Ольха'),
(48, 2, 'Белый'),
(48, 4, 'Дерево'),
(49, 2, 'Ольха'),
(49, 4, 'Пластик'),
(49, 4, 'Дерево'),
(50, 2, 'Ольха'),
(50, 4, 'МДФ'),
(50, 4, 'Металл'),
(71, 4, 'Дерево'),
(72, 1, 'Зеленый'),
(72, 1, 'Желтый'),
(72, 1, 'Синий'),
(72, 4, 'МДФ'),
(72, 4, 'Резина'),
(72, 4, 'Дерево'),
(73, 1, 'Желтый'),
(73, 1, 'Зеленый'),
(73, 1, 'Красный'),
(73, 4, 'Резина'),
(74, 1, 'Зеленый'),
(74, 1, 'Красный'),
(74, 1, 'Желтый'),
(74, 1, 'Синий'),
(74, 4, 'МДФ'),
(74, 4, 'Металл'),
(74, 4, 'Пластик'),
(75, 1, 'Красный'),
(75, 1, 'Синий'),
(75, 1, 'Желтый'),
(75, 1, 'Зеленый'),
(75, 4, 'Металл'),
(75, 4, 'Дерево'),
(75, 4, 'МДФ'),
(75, 4, 'Резина'),
(76, 1, 'Желтый'),
(76, 1, 'Красный'),
(76, 1, 'Зеленый'),
(76, 4, 'Пластик'),
(77, 1, 'Желтый'),
(77, 1, 'Синий'),
(79, 1, 'Красный'),
(79, 1, 'Зеленый'),
(79, 4, 'МДФ'),
(79, 4, 'Пластик'),
(79, 4, 'Металл'),
(79, 4, 'Резина'),
(80, 1, 'Синий'),
(80, 1, 'Зеленый'),
(80, 1, 'Красный'),
(80, 1, 'Желтый'),
(80, 4, 'Металл'),
(81, 4, 'Резина'),
(81, 4, 'МДФ'),
(81, 4, 'Дерево'),
(82, 1, 'Желтый'),
(82, 1, 'Красный'),
(82, 4, 'Металл'),
(82, 4, 'МДФ'),
(82, 4, 'Дерево'),
(83, 1, 'Зеленый'),
(84, 1, 'Красный'),
(84, 1, 'Синий'),
(84, 1, 'Зеленый'),
(84, 4, 'МДФ'),
(84, 4, 'Дерево'),
(84, 4, 'Металл'),
(84, 4, 'Пластик'),
(85, 4, 'Резина'),
(85, 4, 'МДФ'),
(85, 4, 'Дерево'),
(86, 1, 'Красный'),
(86, 1, 'Синий'),
(86, 1, 'Зеленый'),
(87, 1, 'Синий'),
(87, 1, 'Красный'),
(87, 1, 'Зеленый'),
(87, 1, 'Желтый'),
(87, 4, 'МДФ'),
(87, 4, 'Металл'),
(87, 4, 'Резина'),
(87, 4, 'Пластик'),
(88, 1, 'Синий'),
(89, 1, 'Желтый'),
(89, 4, 'Металл'),
(89, 4, 'Пластик'),
(89, 4, 'Резина'),
(90, 1, 'Желтый'),
(90, 4, 'Дерево'),
(91, 1, 'Синий'),
(91, 1, 'Зеленый'),
(91, 1, 'Желтый'),
(91, 1, 'Красный'),
(91, 4, 'Дерево'),
(92, 1, 'Синий'),
(92, 1, 'Желтый'),
(92, 1, 'Красный'),
(92, 1, 'Зеленый'),
(92, 4, 'Дерево'),
(93, 1, 'Желтый'),
(93, 1, 'Синий'),
(93, 4, 'МДФ'),
(93, 4, 'Дерево'),
(93, 4, 'Металл'),
(93, 4, 'Резина'),
(94, 4, 'Пластик'),
(95, 1, 'Синий'),
(95, 4, 'Дерево'),
(95, 4, 'Пластик'),
(95, 4, 'Резина'),
(96, 1, 'Синий'),
(96, 1, 'Желтый'),
(97, 1, 'Синий'),
(97, 4, 'Металл'),
(97, 4, 'Пластик'),
(97, 4, 'МДФ'),
(97, 4, 'Дерево'),
(98, 1, 'Желтый'),
(99, 1, 'Синий'),
(99, 1, 'Зеленый'),
(99, 4, 'Дерево'),
(99, 4, 'Пластик'),
(99, 4, 'МДФ'),
(99, 4, 'Металл'),
(101, 1, 'Желтый'),
(101, 3, 'L'),
(102, 1, 'Зеленый'),
(102, 1, 'Синий'),
(102, 3, 'XL'),
(102, 3, 'S'),
(103, 1, 'Синий'),
(103, 1, 'Красный'),
(103, 1, 'Желтый'),
(103, 1, 'Зеленый'),
(104, 1, 'Синий'),
(104, 3, 'XXXL'),
(104, 3, 'M'),
(105, 1, 'Синий'),
(105, 1, 'Красный'),
(105, 1, 'Зеленый'),
(105, 1, 'Желтый'),
(105, 3, 'XS'),
(106, 1, 'Зеленый'),
(106, 3, 'XS'),
(107, 1, 'Синий'),
(107, 1, 'Желтый'),
(107, 1, 'Зеленый'),
(107, 1, 'Красный'),
(107, 3, 'XXL'),
(107, 3, 'S'),
(107, 3, 'XXS'),
(107, 3, 'XXXL'),
(108, 1, 'Желтый'),
(108, 1, 'Синий'),
(108, 1, 'Красный'),
(108, 1, 'Зеленый'),
(108, 3, 'XS'),
(108, 3, 'M'),
(110, 1, 'Красный'),
(110, 1, 'Синий'),
(110, 3, 'S'),
(110, 3, 'XS'),
(110, 3, 'M'),
(111, 1, 'Желтый'),
(111, 5, 'до 5'),
(112, 5, 'более 20'),
(112, 5, '13-20'),
(112, 5, 'до 5'),
(112, 5, '6-12'),
(114, 1, 'Зеленый'),
(114, 1, 'Красный'),
(114, 1, 'Желтый'),
(114, 1, 'Синий'),
(115, 1, 'Желтый'),
(115, 5, 'до 5'),
(115, 5, '13-20'),
(115, 5, '6-12'),
(115, 5, 'более 20'),
(116, 1, 'Красный'),
(116, 1, 'Зеленый'),
(116, 1, 'Синий'),
(116, 1, 'Желтый'),
(116, 5, 'до 5'),
(116, 5, '6-12'),
(116, 5, 'более 20'),
(116, 5, '13-20'),
(117, 1, 'Зеленый'),
(117, 1, 'Красный'),
(118, 1, 'Зеленый'),
(118, 1, 'Синий'),
(118, 5, '6-12'),
(118, 5, 'до 5'),
(118, 5, '13-20'),
(120, 1, 'Зеленый'),
(120, 1, 'Красный'),
(120, 1, 'Желтый'),
(120, 5, 'до 5'),
(120, 5, '6-12'),
(120, 5, 'более 20'),
(113, 1, 'Зеленый'),
(113, 5, 'до 5'),
(113, 5, '6-12'),
(113, 5, '13-20'),
(2, 2, 'Орех'),
(2, 2, 'Ольха'),
(2, 2, 'Дуб'),
(2, 4, 'Дерево'),
(2, 4, 'Пластик'),
(1, 2, 'Ольха'),
(1, 2, 'Дуб'),
(1, 2, 'Белый'),
(1, 4, 'Дерево'),
(1, 4, 'Металл'),
(1, 4, 'Пластик'),
(1, 4, 'МДФ'),
(5, 2, 'Ольха'),
(5, 2, 'Дуб'),
(5, 2, 'Песочный'),
(5, 2, 'Белый'),
(5, 4, 'Дерево'),
(5, 4, 'МДФ'),
(5, 4, 'Резина'),
(121, 1, 'Зеленый'),
(121, 4, 'Металл');

-- --------------------------------------------------------

--
-- Структура таблицы `users`
--

CREATE TABLE `users` (
  `id` int(10) UNSIGNED NOT NULL,
  `name` varchar(255) COLLATE utf8_unicode_ci NOT NULL,
  `email` varchar(255) COLLATE utf8_unicode_ci NOT NULL,
  `password` varchar(60) COLLATE utf8_unicode_ci NOT NULL,
  `is_admin` tinyint(1) NOT NULL DEFAULT '0',
  `remember_token` varchar(100) COLLATE utf8_unicode_ci DEFAULT NULL,
  `created_at` timestamp NULL DEFAULT NULL,
  `updated_at` timestamp NULL DEFAULT NULL
) ENGINE=InnoDB DEFAULT CHARSET=utf8 COLLATE=utf8_unicode_ci;

--
-- Дамп данных таблицы `users`
--

INSERT INTO `users` (`id`, `name`, `email`, `password`, `is_admin`, `remember_token`, `created_at`, `updated_at`) VALUES
(1, 'admin', 'admin@example.com', '$2y$10$jI29ujiTpUDastq1acSzZeamspGVZ/WKjVzSZN74BBxTwuYa.5BT2', 1, 'sJmwWf34UFkKDAWKgYSM99dobXQDqq6ajajYk3cPi6KU5j20vF8suUwhk8BO', NULL, '2019-03-29 18:02:38'),
(2, 'user', 'user@example.com', '$2y$10$O0fVerVVeG1g2BzYb8XcquPL0jw12iOs.sJpHGlPJFD5ylqL18I6i', 0, 'eMsdQo82eX', NULL, NULL);

--
-- Индексы сохранённых таблиц
--

--
-- Индексы таблицы `countries`
--
ALTER TABLE `countries`
  ADD PRIMARY KEY (`id`);

--
-- Индексы таблицы `pages`
--
ALTER TABLE `pages`
  ADD PRIMARY KEY (`id`),
  ADD UNIQUE KEY `pages_slug_unique` (`slug`),
  ADD KEY `pages_is_enabled_index` (`is_enabled`);

--
-- Индексы таблицы `password_resets`
--
ALTER TABLE `password_resets`
  ADD KEY `password_resets_email_index` (`email`),
  ADD KEY `password_resets_token_index` (`token`);

--
-- Индексы таблицы `publications_articles`
--
ALTER TABLE `publications_articles`
  ADD PRIMARY KEY (`id`),
  ADD UNIQUE KEY `publications_articles_slug_unique` (`slug`),
  ADD KEY `publications_articles_rubric_id_index` (`rubric_id`),
  ADD KEY `publications_articles_published_at_index` (`published_at`),
  ADD KEY `publications_articles_is_enabled_index` (`is_enabled`);

--
-- Индексы таблицы `publications_rubrics`
--
ALTER TABLE `publications_rubrics`
  ADD PRIMARY KEY (`id`),
  ADD UNIQUE KEY `publications_rubrics_slug_unique` (`slug`);

--
-- Индексы таблицы `settings`
--
ALTER TABLE `settings`
  ADD PRIMARY KEY (`id`);

--
-- Индексы таблицы `shop_brands`
--
ALTER TABLE `shop_brands`
  ADD PRIMARY KEY (`id`),
  ADD UNIQUE KEY `shop_brands_slug_unique` (`slug`),
  ADD KEY `shop_brands_country_id_index` (`country_id`);

--
-- Индексы таблицы `shop_categories`
--
ALTER TABLE `shop_categories`
  ADD PRIMARY KEY (`id`),
  ADD UNIQUE KEY `shop_categories_slug_unique` (`slug`),
  ADD KEY `shop_categories_parent_id_index` (`parent_id`);

--
-- Индексы таблицы `shop_currencies`
--
ALTER TABLE `shop_currencies`
  ADD PRIMARY KEY (`id`),
  ADD UNIQUE KEY `shop_currencies_code_unique` (`code`);

--
-- Индексы таблицы `shop_products`
--
ALTER TABLE `shop_products`
  ADD PRIMARY KEY (`id`),
  ADD UNIQUE KEY `shop_products_slug_unique` (`slug`),
  ADD KEY `shop_products_category_id_index` (`category_id`),
  ADD KEY `shop_products_brand_id_index` (`brand_id`),
  ADD KEY `shop_products_currency_id_index` (`currency_id`),
  ADD KEY `shop_products_is_enabled_index` (`is_enabled`);

--
-- Индексы таблицы `shop_product_category`
--
ALTER TABLE `shop_product_category`
  ADD KEY `shop_product_category_product_id_index` (`product_id`),
  ADD KEY `shop_product_category_category_id_index` (`category_id`);

--
-- Индексы таблицы `shop_properties`
--
ALTER TABLE `shop_properties`
  ADD PRIMARY KEY (`id`),
  ADD UNIQUE KEY `shop_properties_slug_unique` (`slug`),
  ADD KEY `shop_properties_is_enabled_index` (`is_enabled`);

--
-- Индексы таблицы `shop_property_category`
--
ALTER TABLE `shop_property_category`
  ADD KEY `shop_property_category_category_id_index` (`category_id`),
  ADD KEY `shop_property_category_property_id_index` (`property_id`);

--
-- Индексы таблицы `shop_property_product`
--
ALTER TABLE `shop_property_product`
  ADD KEY `shop_property_product_product_id_index` (`product_id`),
  ADD KEY `shop_property_product_property_id_index` (`property_id`);

--
-- Индексы таблицы `users`
--
ALTER TABLE `users`
  ADD PRIMARY KEY (`id`),
  ADD UNIQUE KEY `users_name_unique` (`name`),
  ADD UNIQUE KEY `users_email_unique` (`email`);

--
-- AUTO_INCREMENT для сохранённых таблиц
--

--
-- AUTO_INCREMENT для таблицы `countries`
--
ALTER TABLE `countries`
  MODIFY `id` int(10) UNSIGNED NOT NULL AUTO_INCREMENT, AUTO_INCREMENT=231;

--
-- AUTO_INCREMENT для таблицы `pages`
--
ALTER TABLE `pages`
  MODIFY `id` int(10) UNSIGNED NOT NULL AUTO_INCREMENT, AUTO_INCREMENT=4;

--
-- AUTO_INCREMENT для таблицы `publications_articles`
--
ALTER TABLE `publications_articles`
  MODIFY `id` int(10) UNSIGNED NOT NULL AUTO_INCREMENT, AUTO_INCREMENT=52;

--
-- AUTO_INCREMENT для таблицы `publications_rubrics`
--
ALTER TABLE `publications_rubrics`
  MODIFY `id` int(10) UNSIGNED NOT NULL AUTO_INCREMENT, AUTO_INCREMENT=4;

--
-- AUTO_INCREMENT для таблицы `settings`
--
ALTER TABLE `settings`
  MODIFY `id` int(10) UNSIGNED NOT NULL AUTO_INCREMENT, AUTO_INCREMENT=19;

--
-- AUTO_INCREMENT для таблицы `shop_brands`
--
ALTER TABLE `shop_brands`
  MODIFY `id` int(10) UNSIGNED NOT NULL AUTO_INCREMENT, AUTO_INCREMENT=38;

--
-- AUTO_INCREMENT для таблицы `shop_categories`
--
ALTER TABLE `shop_categories`
  MODIFY `id` int(10) UNSIGNED NOT NULL AUTO_INCREMENT, AUTO_INCREMENT=21;

--
-- AUTO_INCREMENT для таблицы `shop_currencies`
--
ALTER TABLE `shop_currencies`
  MODIFY `id` int(10) UNSIGNED NOT NULL AUTO_INCREMENT, AUTO_INCREMENT=3;

--
-- AUTO_INCREMENT для таблицы `shop_products`
--
ALTER TABLE `shop_products`
  MODIFY `id` int(10) UNSIGNED NOT NULL AUTO_INCREMENT, AUTO_INCREMENT=122;

--
-- AUTO_INCREMENT для таблицы `shop_properties`
--
ALTER TABLE `shop_properties`
  MODIFY `id` int(10) UNSIGNED NOT NULL AUTO_INCREMENT, AUTO_INCREMENT=9;

--
-- AUTO_INCREMENT для таблицы `users`
--
ALTER TABLE `users`
  MODIFY `id` int(10) UNSIGNED NOT NULL AUTO_INCREMENT, AUTO_INCREMENT=3;

--
-- Ограничения внешнего ключа сохраненных таблиц
--

--
-- Ограничения внешнего ключа таблицы `publications_articles`
--
ALTER TABLE `publications_articles`
  ADD CONSTRAINT `publications_articles_rubric_id_foreign` FOREIGN KEY (`rubric_id`) REFERENCES `publications_rubrics` (`id`) ON DELETE CASCADE;

--
-- Ограничения внешнего ключа таблицы `shop_brands`
--
ALTER TABLE `shop_brands`
  ADD CONSTRAINT `shop_brands_country_id_foreign` FOREIGN KEY (`country_id`) REFERENCES `countries` (`id`) ON DELETE SET NULL;

--
-- Ограничения внешнего ключа таблицы `shop_products`
--
ALTER TABLE `shop_products`
  ADD CONSTRAINT `shop_products_brand_id_foreign` FOREIGN KEY (`brand_id`) REFERENCES `shop_brands` (`id`) ON DELETE SET NULL,
  ADD CONSTRAINT `shop_products_category_id_foreign` FOREIGN KEY (`category_id`) REFERENCES `shop_categories` (`id`) ON DELETE CASCADE,
  ADD CONSTRAINT `shop_products_currency_id_foreign` FOREIGN KEY (`currency_id`) REFERENCES `shop_currencies` (`id`) ON DELETE SET NULL;

--
-- Ограничения внешнего ключа таблицы `shop_product_category`
--
ALTER TABLE `shop_product_category`
  ADD CONSTRAINT `shop_product_category_category_id_foreign` FOREIGN KEY (`category_id`) REFERENCES `shop_categories` (`id`) ON DELETE CASCADE,
  ADD CONSTRAINT `shop_product_category_product_id_foreign` FOREIGN KEY (`product_id`) REFERENCES `shop_products` (`id`) ON DELETE CASCADE;

--
-- Ограничения внешнего ключа таблицы `shop_property_category`
--
ALTER TABLE `shop_property_category`
  ADD CONSTRAINT `shop_property_category_category_id_foreign` FOREIGN KEY (`category_id`) REFERENCES `shop_categories` (`id`) ON DELETE CASCADE,
  ADD CONSTRAINT `shop_property_category_property_id_foreign` FOREIGN KEY (`property_id`) REFERENCES `shop_properties` (`id`) ON DELETE CASCADE;

--
-- Ограничения внешнего ключа таблицы `shop_property_product`
--
ALTER TABLE `shop_property_product`
  ADD CONSTRAINT `shop_property_product_product_id_foreign` FOREIGN KEY (`product_id`) REFERENCES `shop_products` (`id`) ON DELETE CASCADE,
  ADD CONSTRAINT `shop_property_product_property_id_foreign` FOREIGN KEY (`property_id`) REFERENCES `shop_properties` (`id`) ON DELETE CASCADE;
COMMIT;

/*!40101 SET CHARACTER_SET_CLIENT=@OLD_CHARACTER_SET_CLIENT */;
/*!40101 SET CHARACTER_SET_RESULTS=@OLD_CHARACTER_SET_RESULTS */;
/*!40101 SET COLLATION_CONNECTION=@OLD_COLLATION_CONNECTION */;
